file_name,prediction
50000,3
50001,8
50002,6
50003,9
50004,6
50005,4
50006,5
50007,3
50008,8
50009,9
50010,5
50011,2
50012,3
50013,8
50014,9
50015,8
50016,1
50017,5
50018,0
50019,5
50020,9
50021,7
50022,4
50023,1
50024,0
50025,3
50026,0
50027,6
50028,2
50029,9
50030,9
50031,4
50032,1
50033,3
50034,6
50035,8
50036,0
50037,7
50038,7
50039,6
50040,8
50041,9
50042,0
50043,3
50044,8
50045,3
50046,7
50047,7
50048,8
50049,4
50050,4
50051,1
50052,2
50053,9
50054,8
50055,1
50056,1
50057,0
50058,6
50059,6
50060,5
50061,0
50062,1
50063,1
50064,7
50065,2
50066,7
50067,3
50068,1
50069,4
50070,0
50071,5
50072,0
50073,6
50074,8
50075,7
50076,6
50077,8
50078,8
50079,9
50080,4
50081,0
50082,6
50083,1
50084,9
50085,2
50086,6
50087,8
50088,9
50089,4
50090,4
50091,5
50092,6
50093,6
50094,1
50095,7
50096,2
50097,8
50098,6
50099,9
50100,7
50101,0
50102,9
50103,1
50104,6
50105,2
50106,8
50107,3
50108,6
50109,4
50110,9
50111,5
50112,8
50113,6
50114,8
50115,7
50116,8
50117,8
50118,6
50119,9
50120,4
50121,7
50122,6
50123,0
50124,4
50125,6
50126,7
50127,0
50128,9
50129,7
50130,1
50131,3
50132,6
50133,8
50134,4
50135,6
50136,1
50137,7
50138,5
50139,1
50140,3
50141,3
50142,5
50143,7
50144,9
50145,9
50146,6
50147,7
50148,3
50149,6
50150,1
50151,0
50152,4
50153,2
50154,4
50155,5
50156,0
50157,0
50158,1
50159,6
50160,6
50161,4
50162,7
50163,9
50164,4
50165,6
50166,5
50167,2
50168,6
50169,9
50170,8
50171,8
50172,8
50173,5
50174,9
50175,3
50176,8
50177,9
50178,1
50179,8
50180,8
50181,3
50182,4
50183,4
50184,3
50185,0
50186,9
50187,5
50188,4
50189,4
50190,1
50191,8
50192,0
50193,6
50194,1
50195,3
50196,3
50197,0
50198,8
50199,6
50200,0
50201,3
50202,5
50203,4
50204,9
50205,0
50206,3
50207,1
50208,0
50209,9
50210,3
50211,2
50212,9
50213,3
50214,3
50215,7
50216,4
50217,9
50218,2
50219,1
50220,6
50221,2
50222,1
50223,5
50224,7
50225,1
50226,9
50227,7
50228,0
50229,2
50230,2
50231,8
50232,1
50233,4
50234,7
50235,0
50236,8
50237,1
50238,8
50239,0
50240,0
50241,6
50242,6
50243,4
50244,7
50245,9
50246,7
50247,2
50248,9
50249,1
50250,5
50251,2
50252,5
50253,3
50254,7
50255,7
50256,8
50257,0
50258,8
50259,2
50260,3
50261,1
50262,3
50263,5
50264,1
50265,3
50266,6
50267,4
50268,8
50269,7
50270,6
50271,2
50272,8
50273,1
50274,8
50275,6
50276,6
50277,8
50278,7
50279,5
50280,6
50281,0
50282,4
50283,8
50284,4
50285,9
50286,3
50287,2
50288,3
50289,6
50290,2
50291,0
50292,1
50293,1
50294,6
50295,2
50296,5
50297,3
50298,0
50299,4
50300,3
50301,5
50302,8
50303,6
50304,9
50305,7
50306,3
50307,8
50308,3
50309,9
50310,0
50311,0
50312,3
50313,1
50314,4
50315,2
50316,5
50317,3
50318,9
50319,4
50320,7
50321,5
50322,3
50323,6
50324,0
50325,7
50326,1
50327,8
50328,0
50329,7
50330,3
50331,0
50332,5
50333,1
50334,2
50335,2
50336,3
50337,3
50338,1
50339,4
50340,2
50341,5
50342,0
50343,6
50344,0
50345,7
50346,8
50347,8
50348,2
50349,9
50350,1
50351,7
50352,5
50353,8
50354,0
50355,1
50356,1
50357,0
50358,9
50359,1
50360,7
50361,3
50362,1
50363,1
50364,3
50365,7
50366,5
50367,1
50368,2
50369,9
50370,4
50371,7
50372,3
50373,7
50374,3
50375,7
50376,7
50377,4
50378,3
50379,0
50380,7
50381,2
50382,7
50383,5
50384,9
50385,0
50386,9
50387,6
50388,4
50389,4
50390,0
50391,4
50392,7
50393,4
50394,8
50395,5
50396,1
50397,1
50398,5
50399,5
50400,1
50401,3
50402,6
50403,9
50404,1
50405,4
50406,5
50407,0
50408,9
50409,5
50410,8
50411,4
50412,3
50413,8
50414,5
50415,6
50416,4
50417,3
50418,6
50419,4
50420,5
50421,8
50422,5
50423,0
50424,0
50425,6
50426,1
50427,4
50428,6
50429,1
50430,5
50431,9
50432,4
50433,4
50434,0
50435,0
50436,9
50437,1
50438,7
50439,9
50440,7
50441,2
50442,3
50443,7
50444,0
50445,9
50446,2
50447,1
50448,8
50449,2
50450,4
50451,5
50452,2
50453,1
50454,2
50455,7
50456,5
50457,2
50458,9
50459,5
50460,5
50461,7
50462,9
50463,0
50464,7
50465,1
50466,4
50467,9
50468,7
50469,8
50470,5
50471,4
50472,1
50473,9
50474,2
50475,2
50476,0
50477,1
50478,2
50479,2
50480,0
50481,3
50482,1
50483,7
50484,5
50485,0
50486,4
50487,2
50488,7
50489,1
50490,9
50491,3
50492,0
50493,1
50494,6
50495,2
50496,2
50497,5
50498,1
50499,6
50500,8
50501,1
50502,9
50503,6
50504,2
50505,5
50506,6
50507,5
50508,2
50509,6
50510,4
50511,0
50512,8
50513,8
50514,3
50515,9
50516,3
50517,4
50518,0
50519,9
50520,7
50521,2
50522,7
50523,0
50524,8
50525,1
50526,0
50527,2
50528,9
50529,3
50530,8
50531,9
50532,8
50533,5
50534,0
50535,8
50536,7
50537,9
50538,2
50539,0
50540,5
50541,1
50542,0
50543,2
50544,9
50545,3
50546,2
50547,4
50548,8
50549,5
50550,1
50551,6
50552,8
50553,7
50554,3
50555,8
50556,6
50557,9
50558,9
50559,0
50560,5
50561,1
50562,9
50563,2
50564,4
50565,3
50566,0
50567,4
50568,2
50569,5
50570,5
50571,8
50572,3
50573,5
50574,6
50575,2
50576,2
50577,1
50578,9
50579,7
50580,6
50581,2
50582,1
50583,9
50584,6
50585,1
50586,0
50587,4
50588,6
50589,1
50590,6
50591,4
50592,5
50593,9
50594,6
50595,6
50596,8
50597,8
50598,6
50599,4
50600,1
50601,5
50602,5
50603,3
50604,8
50605,7
50606,4
50607,8
50608,1
50609,4
50610,6
50611,3
50612,6
50613,3
50614,7
50615,5
50616,4
50617,0
50618,6
50619,6
50620,7
50621,1
50622,6
50623,6
50624,5
50625,8
50626,8
50627,7
50628,0
50629,0
50630,0
50631,1
50632,7
50633,5
50634,8
50635,6
50636,4
50637,0
50638,0
50639,7
50640,2
50641,5
50642,2
50643,0
50644,3
50645,6
50646,1
50647,1
50648,9
50649,5
50650,3
50651,8
50652,1
50653,4
50654,0
50655,7
50656,4
50657,6
50658,3
50659,9
50660,8
50661,1
50662,5
50663,9
50664,7
50665,7
50666,6
50667,1
50668,7
50669,2
50670,6
50671,3
50672,3
50673,4
50674,2
50675,5
50676,2
50677,5
50678,1
50679,3
50680,3
50681,7
50682,1
50683,3
50684,0
50685,1
50686,9
50687,8
50688,3
50689,2
50690,5
50691,2
50692,8
50693,3
50694,4
50695,2
50696,0
50697,7
50698,9
50699,4
50700,2
50701,9
50702,8
50703,9
50704,4
50705,2
50706,7
50707,8
50708,7
50709,1
50710,9
50711,8
50712,9
50713,3
50714,3
50715,8
50716,7
50717,3
50718,3
50719,6
50720,2
50721,7
50722,2
50723,0
50724,9
50725,4
50726,3
50727,0
50728,5
50729,0
50730,7
50731,1
50732,7
50733,2
50734,5
50735,3
50736,2
50737,9
50738,8
50739,5
50740,8
50741,6
50742,7
50743,7
50744,2
50745,8
50746,9
50747,8
50748,2
50749,0
50750,0
50751,1
50752,9
50753,2
50754,9
50755,3
50756,7
50757,9
50758,9
50759,5
50760,7
50761,6
50762,8
50763,7
50764,5
50765,8
50766,5
50767,9
50768,3
50769,0
50770,3
50771,1
50772,1
50773,2
50774,0
50775,3
50776,6
50777,9
50778,5
50779,3
50780,6
50781,6
50782,5
50783,7
50784,9
50785,8
50786,8
50787,9
50788,1
50789,2
50790,8
50791,8
50792,7
50793,6
50794,7
50795,7
50796,7
50797,1
50798,9
50799,1
50800,5
50801,8
50802,8
50803,3
50804,0
50805,7
50806,9
50807,9
50808,0
50809,3
50810,6
50811,6
50812,2
50813,0
50814,2
50815,3
50816,9
50817,6
50818,6
50819,9
50820,0
50821,8
50822,7
50823,6
50824,5
50825,0
50826,2
50827,1
50828,0
50829,1
50830,1
50831,5
50832,4
50833,9
50834,3
50835,9
50836,6
50837,3
50838,1
50839,0
50840,2
50841,9
50842,1
50843,6
50844,4
50845,9
50846,4
50847,1
50848,5
50849,7
50850,1
50851,9
50852,0
50853,5
50854,9
50855,1
50856,6
50857,1
50858,9
50859,9
50860,8
50861,8
50862,0
50863,6
50864,1
50865,6
50866,6
50867,9
50868,7
50869,8
50870,6
50871,8
50872,7
50873,8
50874,7
50875,2
50876,0
50877,7
50878,7
50879,4
50880,6
50881,3
50882,9
50883,8
50884,7
50885,3
50886,8
50887,3
50888,6
50889,9
50890,6
50891,7
50892,3
50893,6
50894,7
50895,5
50896,9
50897,8
50898,2
50899,8
50900,8
50901,2
50902,8
50903,7
50904,5
50905,8
50906,3
50907,1
50908,3
50909,0
50910,7
50911,1
50912,6
50913,2
50914,1
50915,3
50916,4
50917,4
50918,1
50919,5
50920,7
50921,6
50922,3
50923,7
50924,0
50925,8
50926,5
50927,9
50928,1
50929,0
50930,0
50931,1
50932,6
50933,2
50934,6
50935,3
50936,3
50937,4
50938,6
50939,5
50940,3
50941,6
50942,7
50943,7
50944,0
50945,8
50946,3
50947,9
50948,4
50949,0
50950,3
50951,1
50952,1
50953,2
50954,5
50955,3
50956,1
50957,9
50958,0
50959,5
50960,3
50961,6
50962,2
50963,7
50964,3
50965,8
50966,2
50967,9
50968,0
50969,3
50970,8
50971,2
50972,7
50973,9
50974,0
50975,3
50976,3
50977,2
50978,7
50979,1
50980,4
50981,4
50982,3
50983,5
50984,7
50985,5
50986,2
50987,2
50988,8
50989,3
50990,0
50991,2
50992,7
50993,1
50994,7
50995,3
50996,8
50997,9
50998,4
50999,7
51000,7
51001,2
51002,0
51003,1
51004,7
51005,1
51006,0
51007,8
51008,8
51009,8
51010,1
51011,7
51012,9
51013,8
51014,8
51015,1
51016,2
51017,0
51018,4
51019,0
51020,9
51021,6
51022,9
51023,7
51024,0
51025,7
51026,4
51027,5
51028,4
51029,0
51030,3
51031,6
51032,9
51033,1
51034,7
51035,1
51036,9
51037,2
51038,3
51039,5
51040,5
51041,0
51042,9
51043,7
51044,0
51045,0
51046,9
51047,4
51048,1
51049,4
51050,5
51051,1
51052,0
51053,8
51054,7
51055,6
51056,4
51057,0
51058,1
51059,0
51060,1
51061,0
51062,7
51063,3
51064,2
51065,7
51066,6
51067,1
51068,7
51069,6
51070,7
51071,4
51072,5
51073,2
51074,7
51075,6
51076,4
51077,4
51078,8
51079,5
51080,7
51081,4
51082,9
51083,1
51084,7
51085,3
51086,5
51087,8
51088,7
51089,6
51090,2
51091,3
51092,3
51093,9
51094,4
51095,9
51096,6
51097,5
51098,4
51099,9
51100,2
51101,3
51102,2
51103,7
51104,6
51105,8
51106,3
51107,5
51108,0
51109,6
51110,1
51111,4
51112,1
51113,7
51114,4
51115,6
51116,3
51117,2
51118,2
51119,2
51120,1
51121,0
51122,0
51123,9
51124,5
51125,9
51126,7
51127,0
51128,8
51129,1
51130,5
51131,2
51132,9
51133,3
51134,8
51135,4
51136,1
51137,5
51138,7
51139,6
51140,9
51141,7
51142,3
51143,8
51144,5
51145,9
51146,4
51147,0
51148,3
51149,1
51150,0
51151,2
51152,6
51153,3
51154,3
51155,4
51156,9
51157,5
51158,6
51159,6
51160,8
51161,7
51162,7
51163,8
51164,9
51165,9
51166,7
51167,0
51168,9
51169,1
51170,4
51171,2
51172,8
51173,2
51174,7
51175,4
51176,5
51177,5
51178,7
51179,6
51180,7
51181,7
51182,4
51183,8
51184,8
51185,9
51186,0
51187,1
51188,1
51189,8
51190,1
51191,6
51192,9
51193,7
51194,3
51195,1
51196,3
51197,1
51198,7
51199,4
51200,9
51201,3
51202,4
51203,7
51204,7
51205,7
51206,1
51207,8
51208,8
51209,9
51210,0
51211,3
51212,2
51213,6
51214,2
51215,0
51216,2
51217,3
51218,8
51219,6
51220,6
51221,4
51222,3
51223,8
51224,8
51225,4
51226,0
51227,8
51228,0
51229,7
51230,3
51231,5
51232,6
51233,6
51234,5
51235,0
51236,7
51237,3
51238,2
51239,9
51240,9
51241,2
51242,8
51243,8
51244,8
51245,3
51246,6
51247,1
51248,4
51249,1
51250,1
51251,5
51252,1
51253,9
51254,5
51255,4
51256,2
51257,3
51258,3
51259,0
51260,3
51261,4
51262,2
51263,4
51264,4
51265,0
51266,8
51267,9
51268,3
51269,6
51270,4
51271,9
51272,8
51273,2
51274,5
51275,2
51276,6
51277,1
51278,5
51279,7
51280,1
51281,9
51282,7
51283,8
51284,9
51285,1
51286,8
51287,1
51288,4
51289,9
51290,0
51291,8
51292,7
51293,6
51294,7
51295,6
51296,5
51297,9
51298,5
51299,0
51300,1
51301,0
51302,8
51303,0
51304,7
51305,1
51306,7
51307,8
51308,0
51309,4
51310,6
51311,6
51312,4
51313,8
51314,0
51315,8
51316,9
51317,2
51318,9
51319,6
51320,6
51321,3
51322,7
51323,2
51324,2
51325,4
51326,8
51327,0
51328,4
51329,9
51330,8
51331,0
51332,3
51333,3
51334,9
51335,7
51336,0
51337,6
51338,4
51339,5
51340,2
51341,8
51342,5
51343,2
51344,7
51345,5
51346,7
51347,8
51348,0
51349,3
51350,4
51351,4
51352,0
51353,7
51354,6
51355,6
51356,2
51357,2
51358,7
51359,2
51360,9
51361,7
51362,5
51363,7
51364,5
51365,0
51366,5
51367,6
51368,4
51369,1
51370,6
51371,6
51372,1
51373,3
51374,4
51375,0
51376,3
51377,1
51378,6
51379,2
51380,5
51381,3
51382,4
51383,4
51384,7
51385,5
51386,6
51387,6
51388,3
51389,7
51390,1
51391,8
51392,5
51393,9
51394,3
51395,0
51396,4
51397,1
51398,2
51399,2
51400,6
51401,3
51402,6
51403,4
51404,0
51405,5
51406,6
51407,6
51408,6
51409,7
51410,6
51411,8
51412,8
51413,9
51414,8
51415,0
51416,3
51417,1
51418,2
51419,2
51420,7
51421,3
51422,0
51423,4
51424,8
51425,5
51426,1
51427,6
51428,3
51429,7
51430,9
51431,8
51432,1
51433,5
51434,0
51435,2
51436,1
51437,8
51438,6
51439,1
51440,8
51441,7
51442,9
51443,2
51444,5
51445,4
51446,6
51447,1
51448,2
51449,4
51450,8
51451,1
51452,7
51453,4
51454,4
51455,9
51456,6
51457,6
51458,2
51459,8
51460,7
51461,5
51462,3
51463,3
51464,2
51465,7
51466,0
51467,8
51468,1
51469,3
51470,9
51471,3
51472,9
51473,5
51474,3
51475,6
51476,6
51477,7
51478,0
51479,0
51480,6
51481,6
51482,4
51483,1
51484,8
51485,6
51486,3
51487,8
51488,8
51489,7
51490,0
51491,0
51492,5
51493,1
51494,5
51495,5
51496,7
51497,6
51498,6
51499,0
51500,7
51501,8
51502,7
51503,5
51504,8
51505,0
51506,2
51507,6
51508,1
51509,1
51510,6
51511,5
51512,9
51513,8
51514,6
51515,4
51516,9
51517,2
51518,6
51519,3
51520,0
51521,9
51522,3
51523,7
51524,9
51525,6
51526,9
51527,9
51528,6
51529,1
51530,4
51531,9
51532,7
51533,0
51534,3
51535,6
51536,3
51537,7
51538,6
51539,1
51540,1
51541,2
51542,2
51543,3
51544,3
51545,9
51546,0
51547,2
51548,1
51549,9
51550,2
51551,5
51552,9
51553,5
51554,1
51555,3
51556,1
51557,7
51558,7
51559,5
51560,7
51561,3
51562,5
51563,1
51564,1
51565,8
51566,1
51567,2
51568,7
51569,2
51570,6
51571,3
51572,5
51573,0
51574,9
51575,2
51576,8
51577,9
51578,3
51579,4
51580,2
51581,9
51582,4
51583,7
51584,9
51585,0
51586,7
51587,0
51588,8
51589,2
51590,9
51591,7
51592,9
51593,4
51594,1
51595,9
51596,6
51597,9
51598,0
51599,2
51600,9
51601,8
51602,6
51603,1
51604,4
51605,5
51606,1
51607,6
51608,2
51609,9
51610,5
51611,8
51612,8
51613,3
51614,2
51615,8
51616,3
51617,3
51618,0
51619,6
51620,6
51621,7
51622,4
51623,0
51624,6
51625,4
51626,5
51627,0
51628,6
51629,0
51630,2
51631,1
51632,9
51633,2
51634,7
51635,3
51636,7
51637,4
51638,0
51639,5
51640,3
51641,6
51642,2
51643,7
51644,9
51645,8
51646,5
51647,9
51648,2
51649,0
51650,7
51651,1
51652,4
51653,2
51654,9
51655,3
51656,1
51657,4
51658,2
51659,5
51660,2
51661,6
51662,6
51663,7
51664,6
51665,8
51666,1
51667,9
51668,8
51669,0
51670,8
51671,1
51672,1
51673,2
51674,5
51675,9
51676,6
51677,4
51678,4
51679,5
51680,0
51681,6
51682,2
51683,7
51684,4
51685,0
51686,3
51687,6
51688,9
51689,4
51690,6
51691,7
51692,5
51693,4
51694,4
51695,3
51696,6
51697,6
51698,7
51699,2
51700,6
51701,3
51702,2
51703,4
51704,7
51705,8
51706,3
51707,7
51708,9
51709,8
51710,1
51711,6
51712,4
51713,9
51714,1
51715,8
51716,9
51717,3
51718,5
51719,2
51720,8
51721,2
51722,6
51723,4
51724,1
51725,8
51726,2
51727,5
51728,6
51729,6
51730,9
51731,5
51732,8
51733,0
51734,6
51735,2
51736,5
51737,0
51738,2
51739,1
51740,5
51741,1
51742,1
51743,2
51744,5
51745,6
51746,8
51747,8
51748,2
51749,1
51750,1
51751,2
51752,7
51753,0
51754,8
51755,6
51756,3
51757,9
51758,0
51759,8
51760,2
51761,9
51762,5
51763,3
51764,6
51765,7
51766,7
51767,1
51768,3
51769,8
51770,7
51771,3
51772,1
51773,8
51774,0
51775,5
51776,3
51777,0
51778,6
51779,1
51780,4
51781,1
51782,2
51783,9
51784,1
51785,8
51786,2
51787,2
51788,6
51789,0
51790,3
51791,4
51792,5
51793,5
51794,5
51795,5
51796,9
51797,0
51798,3
51799,3
51800,5
51801,1
51802,7
51803,1
51804,6
51805,6
51806,7
51807,9
51808,2
51809,0
51810,2
51811,3
51812,9
51813,1
51814,4
51815,0
51816,3
51817,4
51818,0
51819,7
51820,4
51821,5
51822,5
51823,4
51824,0
51825,7
51826,0
51827,9
51828,0
51829,7
51830,8
51831,0
51832,7
51833,1
51834,0
51835,2
51836,1
51837,3
51838,9
51839,7
51840,1
51841,8
51842,9
51843,9
51844,5
51845,0
51846,8
51847,1
51848,3
51849,2
51850,8
51851,3
51852,5
51853,4
51854,9
51855,5
51856,1
51857,6
51858,7
51859,7
51860,4
51861,8
51862,1
51863,4
51864,8
51865,0
51866,0
51867,1
51868,4
51869,2
51870,2
51871,3
51872,6
51873,4
51874,5
51875,5
51876,1
51877,6
51878,8
51879,7
51880,8
51881,8
51882,1
51883,0
51884,2
51885,7
51886,3
51887,5
51888,1
51889,0
51890,3
51891,8
51892,0
51893,4
51894,4
51895,1
51896,3
51897,8
51898,2
51899,8
51900,1
51901,1
51902,4
51903,3
51904,8
51905,1
51906,8
51907,8
51908,1
51909,3
51910,9
51911,7
51912,6
51913,9
51914,7
51915,3
51916,7
51917,0
51918,3
51919,9
51920,6
51921,4
51922,2
51923,4
51924,6
51925,0
51926,4
51927,7
51928,5
51929,4
51930,9
51931,2
51932,1
51933,8
51934,3
51935,7
51936,1
51937,2
51938,9
51939,4
51940,3
51941,7
51942,9
51943,8
51944,9
51945,4
51946,5
51947,3
51948,8
51949,1
51950,5
51951,4
51952,1
51953,6
51954,8
51955,5
51956,9
51957,2
51958,1
51959,2
51960,0
51961,2
51962,4
51963,5
51964,5
51965,6
51966,4
51967,7
51968,8
51969,8
51970,3
51971,7
51972,5
51973,5
51974,7
51975,1
51976,2
51977,6
51978,0
51979,4
51980,0
51981,9
51982,9
51983,2
51984,7
51985,4
51986,2
51987,3
51988,4
51989,5
51990,3
51991,3
51992,0
51993,6
51994,5
51995,6
51996,7
51997,0
51998,3
51999,0
52000,6
52001,2
52002,1
52003,5
52004,6
52005,6
52006,2
52007,4
52008,7
52009,1
52010,7
52011,2
52012,8
52013,7
52014,3
52015,4
52016,2
52017,9
52018,1
52019,5
52020,1
52021,0
52022,3
52023,2
52024,4
52025,2
52026,5
52027,3
52028,0
52029,6
52030,9
52031,1
52032,1
52033,9
52034,9
52035,3
52036,0
52037,8
52038,3
52039,0
52040,5
52041,3
52042,1
52043,5
52044,3
52045,0
52046,1
52047,0
52048,6
52049,6
52050,8
52051,1
52052,7
52053,6
52054,6
52055,9
52056,1
52057,5
52058,1
52059,3
52060,9
52061,9
52062,6
52063,4
52064,0
52065,5
52066,6
52067,4
52068,2
52069,6
52070,1
52071,7
52072,5
52073,1
52074,4
52075,1
52076,6
52077,7
52078,1
52079,0
52080,8
52081,1
52082,1
52083,9
52084,1
52085,3
52086,4
52087,4
52088,1
52089,5
52090,8
52091,8
52092,9
52093,9
52094,9
52095,0
52096,3
52097,1
52098,3
52099,4
52100,6
52101,3
52102,6
52103,4
52104,3
52105,0
52106,5
52107,1
52108,5
52109,4
52110,7
52111,3
52112,4
52113,7
52114,0
52115,8
52116,3
52117,9
52118,2
52119,1
52120,1
52121,5
52122,5
52123,9
52124,7
52125,6
52126,0
52127,8
52128,4
52129,5
52130,0
52131,5
52132,2
52133,0
52134,3
52135,0
52136,1
52137,7
52138,9
52139,9
52140,4
52141,6
52142,2
52143,1
52144,7
52145,6
52146,7
52147,7
52148,9
52149,7
52150,6
52151,9
52152,2
52153,2
52154,0
52155,4
52156,6
52157,8
52158,4
52159,5
52160,3
52161,0
52162,7
52163,4
52164,3
52165,4
52166,9
52167,1
52168,3
52169,2
52170,5
52171,8
52172,5
52173,1
52174,1
52175,1
52176,7
52177,1
52178,7
52179,0
52180,9
52181,7
52182,0
52183,6
52184,9
52185,0
52186,2
52187,1
52188,2
52189,2
52190,5
52191,3
52192,5
52193,4
52194,6
52195,5
52196,7
52197,6
52198,6
52199,7
52200,4
52201,8
52202,0
52203,9
52204,0
52205,1
52206,6
52207,2
52208,8
52209,3
52210,4
52211,4
52212,6
52213,5
52214,9
52215,6
52216,7
52217,7
52218,6
52219,8
52220,1
52221,0
52222,9
52223,1
52224,2
52225,4
52226,0
52227,3
52228,0
52229,4
52230,9
52231,5
52232,1
52233,6
52234,1
52235,7
52236,9
52237,8
52238,0
52239,9
52240,3
52241,9
52242,2
52243,4
52244,1
52245,0
52246,4
52247,8
52248,1
52249,7
52250,8
52251,2
52252,3
52253,6
52254,1
52255,5
52256,7
52257,5
52258,9
52259,3
52260,4
52261,7
52262,1
52263,6
52264,5
52265,6
52266,5
52267,4
52268,1
52269,3
52270,9
52271,2
52272,3
52273,6
52274,9
52275,6
52276,0
52277,4
52278,1
52279,1
52280,8
52281,3
52282,6
52283,8
52284,5
52285,8
52286,9
52287,3
52288,0
52289,0
52290,1
52291,1
52292,8
52293,4
52294,6
52295,5
52296,8
52297,6
52298,3
52299,4
52300,3
52301,7
52302,7
52303,8
52304,9
52305,0
52306,8
52307,3
52308,4
52309,1
52310,5
52311,9
52312,0
52313,0
52314,5
52315,9
52316,2
52317,1
52318,0
52319,4
52320,0
52321,7
52322,7
52323,0
52324,7
52325,1
52326,7
52327,3
52328,9
52329,8
52330,7
52331,2
52332,5
52333,9
52334,1
52335,2
52336,0
52337,7
52338,6
52339,7
52340,9
52341,9
52342,1
52343,4
52344,4
52345,2
52346,4
52347,5
52348,4
52349,8
52350,3
52351,6
52352,8
52353,5
52354,0
52355,9
52356,9
52357,9
52358,2
52359,1
52360,1
52361,1
52362,1
52363,7
52364,5
52365,6
52366,2
52367,9
52368,1
52369,1
52370,2
52371,3
52372,9
52373,2
52374,6
52375,3
52376,1
52377,4
52378,3
52379,3
52380,6
52381,1
52382,1
52383,9
52384,4
52385,3
52386,3
52387,6
52388,5
52389,8
52390,3
52391,7
52392,3
52393,0
52394,5
52395,1
52396,0
52397,0
52398,8
52399,5
52400,8
52401,8
52402,4
52403,2
52404,3
52405,7
52406,9
52407,7
52408,2
52409,0
52410,2
52411,1
52412,6
52413,2
52414,4
52415,3
52416,1
52417,4
52418,1
52419,5
52420,6
52421,6
52422,2
52423,7
52424,4
52425,8
52426,6
52427,9
52428,0
52429,0
52430,8
52431,1
52432,3
52433,2
52434,6
52435,3
52436,7
52437,4
52438,0
52439,5
52440,2
52441,6
52442,9
52443,7
52444,1
52445,8
52446,3
52447,9
52448,4
52449,0
52450,1
52451,1
52452,5
52453,2
52454,1
52455,3
52456,2
52457,4
52458,5
52459,5
52460,7
52461,6
52462,9
52463,7
52464,2
52465,8
52466,7
52467,9
52468,8
52469,8
52470,0
52471,7
52472,6
52473,4
52474,5
52475,9
52476,3
52477,7
52478,9
52479,3
52480,7
52481,9
52482,6
52483,8
52484,7
52485,8
52486,7
52487,3
52488,2
52489,1
52490,7
52491,5
52492,1
52493,8
52494,6
52495,2
52496,8
52497,7
52498,1
52499,4
52500,9
52501,2
52502,6
52503,6
52504,6
52505,1
52506,9
52507,5
52508,0
52509,5
52510,9
52511,8
52512,2
52513,6
52514,6
52515,4
52516,2
52517,9
52518,6
52519,4
52520,0
52521,1
52522,9
52523,8
52524,7
52525,7
52526,0
52527,5
52528,7
52529,5
52530,1
52531,1
52532,4
52533,8
52534,6
52535,9
52536,8
52537,1
52538,9
52539,3
52540,5
52541,6
52542,6
52543,3
52544,6
52545,3
52546,9
52547,2
52548,2
52549,2
52550,2
52551,6
52552,1
52553,9
52554,0
52555,9
52556,9
52557,6
52558,0
52559,5
52560,6
52561,5
52562,1
52563,3
52564,4
52565,3
52566,4
52567,8
52568,7
52569,1
52570,1
52571,6
52572,4
52573,8
52574,2
52575,1
52576,9
52577,9
52578,6
52579,7
52580,4
52581,6
52582,2
52583,8
52584,6
52585,3
52586,1
52587,7
52588,7
52589,9
52590,3
52591,7
52592,8
52593,0
52594,7
52595,9
52596,0
52597,0
52598,6
52599,0
52600,4
52601,3
52602,2
52603,7
52604,4
52605,9
52606,7
52607,3
52608,5
52609,0
52610,5
52611,2
52612,8
52613,0
52614,1
52615,1
52616,1
52617,0
52618,9
52619,1
52620,6
52621,0
52622,1
52623,4
52624,1
52625,0
52626,6
52627,1
52628,5
52629,0
52630,2
52631,4
52632,8
52633,7
52634,2
52635,9
52636,3
52637,2
52638,9
52639,0
52640,6
52641,6
52642,4
52643,2
52644,7
52645,6
52646,9
52647,2
52648,1
52649,2
52650,5
52651,9
52652,4
52653,9
52654,1
52655,0
52656,2
52657,1
52658,4
52659,2
52660,2
52661,3
52662,9
52663,4
52664,3
52665,5
52666,7
52667,6
52668,1
52669,7
52670,7
52671,1
52672,7
52673,0
52674,8
52675,1
52676,3
52677,2
52678,6
52679,3
52680,7
52681,4
52682,4
52683,5
52684,2
52685,6
52686,5
52687,1
52688,6
52689,8
52690,3
52691,0
52692,3
52693,1
52694,2
52695,2
52696,0
52697,3
52698,0
52699,1
52700,3
52701,7
52702,3
52703,4
52704,4
52705,7
52706,5
52707,9
52708,4
52709,9
52710,1
52711,8
52712,9
52713,0
52714,9
52715,1
52716,0
52717,6
52718,4
52719,8
52720,0
52721,4
52722,8
52723,2
52724,6
52725,6
52726,2
52727,0
52728,0
52729,4
52730,7
52731,1
52732,7
52733,8
52734,4
52735,1
52736,7
52737,5
52738,2
52739,5
52740,9
52741,1
52742,6
52743,9
52744,7
52745,1
52746,8
52747,3
52748,4
52749,6
52750,7
52751,3
52752,7
52753,6
52754,6
52755,2
52756,4
52757,2
52758,1
52759,6
52760,7
52761,9
52762,2
52763,9
52764,8
52765,6
52766,0
52767,5
52768,5
52769,6
52770,4
52771,3
52772,9
52773,3
52774,2
52775,8
52776,5
52777,1
52778,5
52779,7
52780,1
52781,6
52782,2
52783,8
52784,2
52785,0
52786,7
52787,7
52788,6
52789,4
52790,3
52791,7
52792,5
52793,0
52794,3
52795,9
52796,2
52797,0
52798,5
52799,0
52800,2
52801,2
52802,2
52803,7
52804,0
52805,9
52806,6
52807,1
52808,8
52809,0
52810,3
52811,1
52812,7
52813,0
52814,3
52815,4
52816,3
52817,0
52818,3
52819,1
52820,6
52821,0
52822,1
52823,4
52824,7
52825,7
52826,5
52827,9
52828,7
52829,2
52830,8
52831,0
52832,0
52833,6
52834,2
52835,2
52836,0
52837,6
52838,4
52839,2
52840,2
52841,2
52842,7
52843,9
52844,6
52845,9
52846,9
52847,0
52848,8
52849,1
52850,1
52851,2
52852,4
52853,3
52854,1
52855,4
52856,6
52857,5
52858,6
52859,6
52860,8
52861,7
52862,8
52863,8
52864,3
52865,0
52866,7
52867,1
52868,1
52869,9
52870,5
52871,3
52872,1
52873,4
52874,2
52875,5
52876,4
52877,6
52878,1
52879,7
52880,6
52881,8
52882,1
52883,9
52884,1
52885,0
52886,7
52887,1
52888,1
52889,2
52890,8
52891,3
52892,6
52893,4
52894,2
52895,5
52896,5
52897,6
52898,2
52899,2
52900,8
52901,8
52902,5
52903,9
52904,3
52905,8
52906,1
52907,8
52908,6
52909,4
52910,0
52911,7
52912,6
52913,8
52914,3
52915,6
52916,1
52917,3
52918,6
52919,4
52920,4
52921,0
52922,3
52923,9
52924,3
52925,7
52926,7
52927,1
52928,8
52929,9
52930,0
52931,3
52932,3
52933,8
52934,0
52935,4
52936,5
52937,7
52938,8
52939,3
52940,1
52941,0
52942,2
52943,9
52944,8
52945,4
52946,6
52947,8
52948,3
52949,4
52950,8
52951,6
52952,5
52953,8
52954,8
52955,0
52956,2
52957,6
52958,4
52959,8
52960,7
52961,1
52962,6
52963,1
52964,7
52965,1
52966,3
52967,1
52968,2
52969,7
52970,5
52971,2
52972,3
52973,4
52974,9
52975,8
52976,5
52977,9
52978,3
52979,4
52980,8
52981,6
52982,2
52983,8
52984,1
52985,4
52986,6
52987,2
52988,4
52989,9
52990,1
52991,7
52992,7
52993,0
52994,3
52995,0
52996,4
52997,7
52998,7
52999,5
53000,5
53001,1
53002,8
53003,7
53004,1
53005,6
53006,8
53007,6
53008,2
53009,6
53010,9
53011,8
53012,1
53013,2
53014,0
53015,6
53016,1
53017,8
53018,1
53019,2
53020,9
53021,7
53022,9
53023,7
53024,5
53025,4
53026,2
53027,0
53028,8
53029,2
53030,0
53031,4
53032,4
53033,2
53034,2
53035,3
53036,7
53037,3
53038,0
53039,3
53040,1
53041,1
53042,3
53043,8
53044,7
53045,9
53046,5
53047,6
53048,3
53049,1
53050,5
53051,0
53052,4
53053,5
53054,5
53055,9
53056,2
53057,6
53058,1
53059,9
53060,7
53061,8
53062,4
53063,6
53064,5
53065,8
53066,7
53067,5
53068,6
53069,5
53070,9
53071,8
53072,2
53073,0
53074,7
53075,3
53076,2
53077,0
53078,4
53079,8
53080,3
53081,6
53082,8
53083,3
53084,3
53085,0
53086,5
53087,1
53088,2
53089,2
53090,8
53091,3
53092,8
53093,4
53094,7
53095,6
53096,5
53097,7
53098,8
53099,8
53100,5
53101,0
53102,7
53103,1
53104,3
53105,2
53106,6
53107,3
53108,3
53109,4
53110,8
53111,6
53112,8
53113,9
53114,3
53115,8
53116,0
53117,0
53118,0
53119,1
53120,5
53121,2
53122,5
53123,8
53124,0
53125,4
53126,9
53127,6
53128,8
53129,7
53130,4
53131,8
53132,2
53133,8
53134,4
53135,1
53136,3
53137,7
53138,2
53139,2
53140,1
53141,4
53142,9
53143,1
53144,4
53145,4
53146,9
53147,1
53148,1
53149,4
53150,8
53151,9
53152,5
53153,6
53154,9
53155,8
53156,7
53157,4
53158,3
53159,7
53160,1
53161,8
53162,1
53163,4
53164,7
53165,3
53166,9
53167,3
53168,9
53169,6
53170,8
53171,7
53172,5
53173,0
53174,0
53175,6
53176,1
53177,1
53178,1
53179,6
53180,1
53181,5
53182,3
53183,7
53184,8
53185,0
53186,8
53187,1
53188,7
53189,0
53190,9
53191,8
53192,4
53193,5
53194,1
53195,0
53196,1
53197,6
53198,6
53199,1
53200,5
53201,5
53202,9
53203,8
53204,9
53205,4
53206,1
53207,2
53208,8
53209,3
53210,7
53211,9
53212,0
53213,7
53214,7
53215,6
53216,0
53217,9
53218,2
53219,0
53220,6
53221,6
53222,4
53223,3
53224,2
53225,3
53226,4
53227,7
53228,6
53229,5
53230,6
53231,3
53232,7
53233,1
53234,7
53235,8
53236,8
53237,2
53238,9
53239,2
53240,8
53241,3
53242,7
53243,0
53244,5
53245,2
53246,3
53247,9
53248,8
53249,4
53250,9
53251,9
53252,3
53253,7
53254,4
53255,0
53256,0
53257,0
53258,7
53259,2
53260,9
53261,7
53262,3
53263,4
53264,2
53265,9
53266,2
53267,9
53268,5
53269,2
53270,0
53271,8
53272,5
53273,1
53274,7
53275,5
53276,9
53277,6
53278,4
53279,9
53280,9
53281,8
53282,3
53283,3
53284,2
53285,8
53286,8
53287,3
53288,4
53289,6
53290,0
53291,7
53292,5
53293,0
53294,8
53295,4
53296,5
53297,0
53298,0
53299,0
53300,4
53301,1
53302,7
53303,2
53304,1
53305,3
53306,5
53307,4
53308,1
53309,5
53310,1
53311,6
53312,8
53313,7
53314,1
53315,8
53316,5
53317,9
53318,6
53319,0
53320,6
53321,1
53322,2
53323,2
53324,9
53325,3
53326,1
53327,4
53328,0
53329,5
53330,9
53331,6
53332,3
53333,7
53334,7
53335,8
53336,6
53337,9
53338,7
53339,0
53340,2
53341,1
53342,9
53343,2
53344,0
53345,3
53346,4
53347,4
53348,1
53349,9
53350,0
53351,1
53352,5
53353,0
53354,0
53355,0
53356,5
53357,3
53358,3
53359,6
53360,0
53361,1
53362,4
53363,4
53364,4
53365,3
53366,2
53367,2
53368,7
53369,9
53370,9
53371,1
53372,7
53373,2
53374,3
53375,1
53376,3
53377,2
53378,4
53379,9
53380,0
53381,0
53382,3
53383,1
53384,4
53385,3
53386,9
53387,0
53388,2
53389,6
53390,2
53391,2
53392,7
53393,9
53394,1
53395,1
53396,9
53397,9
53398,4
53399,6
53400,8
53401,0
53402,3
53403,0
53404,0
53405,1
53406,6
53407,0
53408,5
53409,1
53410,5
53411,4
53412,3
53413,5
53414,5
53415,7
53416,6
53417,8
53418,7
53419,3
53420,8
53421,4
53422,6
53423,7
53424,0
53425,1
53426,4
53427,1
53428,5
53429,0
53430,2
53431,7
53432,0
53433,5
53434,2
53435,9
53436,1
53437,9
53438,9
53439,4
53440,8
53441,7
53442,9
53443,5
53444,0
53445,8
53446,4
53447,3
53448,1
53449,4
53450,4
53451,4
53452,4
53453,3
53454,0
53455,2
53456,9
53457,3
53458,4
53459,4
53460,0
53461,5
53462,8
53463,6
53464,8
53465,7
53466,5
53467,1
53468,1
53469,0
53470,0
53471,1
53472,6
53473,2
53474,3
53475,3
53476,1
53477,4
53478,1
53479,5
53480,3
53481,6
53482,1
53483,7
53484,1
53485,8
53486,8
53487,0
53488,3
53489,1
53490,7
53491,2
53492,9
53493,3
53494,2
53495,4
53496,9
53497,5
53498,1
53499,6
53500,2
53501,7
53502,0
53503,0
53504,2
53505,9
53506,8
53507,9
53508,4
53509,0
53510,7
53511,4
53512,2
53513,8
53514,3
53515,9
53516,6
53517,8
53518,1
53519,4
53520,8
53521,1
53522,2
53523,7
53524,0
53525,7
53526,6
53527,3
53528,9
53529,5
53530,2
53531,1
53532,9
53533,0
53534,6
53535,0
53536,0
53537,0
53538,5
53539,1
53540,6
53541,2
53542,3
53543,6
53544,9
53545,3
53546,4
53547,7
53548,1
53549,7
53550,9
53551,4
53552,3
53553,6
53554,3
53555,6
53556,8
53557,6
53558,3
53559,4
53560,3
53561,9
53562,0
53563,1
53564,4
53565,9
53566,3
53567,5
53568,5
53569,8
53570,5
53571,2
53572,5
53573,0
53574,8
53575,0
53576,9
53577,1
53578,5
53579,7
53580,8
53581,6
53582,4
53583,3
53584,3
53585,5
53586,3
53587,1
53588,6
53589,7
53590,5
53591,9
53592,9
53593,1
53594,1
53595,3
53596,4
53597,9
53598,5
53599,1
53600,7
53601,7
53602,4
53603,6
53604,1
53605,8
53606,6
53607,4
53608,2
53609,3
53610,1
53611,1
53612,7
53613,4
53614,7
53615,0
53616,9
53617,5
53618,4
53619,3
53620,5
53621,6
53622,4
53623,7
53624,7
53625,6
53626,8
53627,1
53628,2
53629,7
53630,3
53631,4
53632,0
53633,4
53634,5
53635,7
53636,7
53637,2
53638,8
53639,2
53640,8
53641,5
53642,5
53643,7
53644,2
53645,9
53646,6
53647,5
53648,8
53649,4
53650,2
53651,8
53652,6
53653,8
53654,4
53655,9
53656,2
53657,0
53658,2
53659,8
53660,8
53661,9
53662,1
53663,8
53664,1
53665,0
53666,7
53667,1
53668,2
53669,2
53670,0
53671,3
53672,8
53673,4
53674,4
53675,5
53676,9
53677,6
53678,0
53679,7
53680,7
53681,8
53682,7
53683,9
53684,0
53685,0
53686,8
53687,1
53688,3
53689,2
53690,5
53691,3
53692,2
53693,4
53694,2
53695,5
53696,5
53697,6
53698,9
53699,7
53700,9
53701,8
53702,7
53703,7
53704,3
53705,0
53706,6
53707,1
53708,2
53709,2
53710,4
53711,3
53712,3
53713,9
53714,1
53715,5
53716,3
53717,6
53718,5
53719,7
53720,2
53721,8
53722,3
53723,7
53724,3
53725,7
53726,1
53727,2
53728,8
53729,9
53730,8
53731,9
53732,6
53733,2
53734,0
53735,9
53736,1
53737,8
53738,4
53739,4
53740,3
53741,5
53742,2
53743,8
53744,2
53745,8
53746,1
53747,0
53748,2
53749,3
53750,1
53751,5
53752,9
53753,4
53754,5
53755,3
53756,8
53757,3
53758,3
53759,5
53760,4
53761,1
53762,2
53763,7
53764,9
53765,8
53766,7
53767,9
53768,4
53769,5
53770,7
53771,7
53772,2
53773,2
53774,8
53775,6
53776,4
53777,6
53778,9
53779,7
53780,1
53781,7
53782,9
53783,7
53784,9
53785,0
53786,8
53787,1
53788,0
53789,0
53790,1
53791,1
53792,1
53793,6
53794,5
53795,5
53796,5
53797,5
53798,6
53799,2
53800,0
53801,9
53802,5
53803,3
53804,1
53805,1
53806,8
53807,4
53808,4
53809,8
53810,9
53811,8
53812,5
53813,7
53814,0
53815,3
53816,1
53817,8
53818,6
53819,2
53820,9
53821,9
53822,5
53823,1
53824,1
53825,2
53826,5
53827,6
53828,6
53829,5
53830,6
53831,9
53832,8
53833,1
53834,4
53835,2
53836,7
53837,2
53838,3
53839,7
53840,6
53841,9
53842,1
53843,7
53844,0
53845,9
53846,3
53847,9
53848,8
53849,1
53850,4
53851,0
53852,9
53853,9
53854,5
53855,7
53856,9
53857,0
53858,7
53859,5
53860,8
53861,0
53862,2
53863,3
53864,8
53865,8
53866,7
53867,4
53868,4
53869,6
53870,1
53871,1
53872,9
53873,9
53874,3
53875,3
53876,2
53877,6
53878,2
53879,2
53880,0
53881,0
53882,9
53883,9
53884,2
53885,8
53886,7
53887,1
53888,4
53889,3
53890,2
53891,1
53892,6
53893,0
53894,0
53895,9
53896,1
53897,0
53898,4
53899,1
53900,6
53901,2
53902,9
53903,3
53904,1
53905,4
53906,8
53907,5
53908,1
53909,6
53910,6
53911,7
53912,4
53913,8
53914,4
53915,9
53916,0
53917,0
53918,6
53919,1
53920,5
53921,2
53922,5
53923,3
53924,0
53925,4
53926,2
53927,5
53928,3
53929,6
53930,1
53931,7
53932,0
53933,8
53934,0
53935,9
53936,0
53937,0
53938,3
53939,1
53940,0
53941,2
53942,5
53943,3
53944,7
53945,4
53946,5
53947,5
53948,9
53949,0
53950,9
53951,9
53952,8
53953,8
53954,3
53955,4
53956,7
53957,0
53958,3
53959,0
53960,3
53961,7
53962,7
53963,2
53964,9
53965,4
53966,1
53967,2
53968,5
53969,6
53970,4
53971,5
53972,2
53973,5
53974,4
53975,5
53976,8
53977,7
53978,5
53979,8
53980,1
53981,6
53982,0
53983,6
53984,2
53985,4
53986,7
53987,3
53988,4
53989,2
53990,4
53991,6
53992,5
53993,6
53994,0
53995,3
53996,8
53997,3
53998,9
53999,0
54000,5
54001,3
54002,0
54003,0
54004,0
54005,1
54006,8
54007,4
54008,3
54009,4
54010,0
54011,2
54012,0
54013,3
54014,3
54015,5
54016,3
54017,4
54018,6
54019,1
54020,3
54021,9
54022,7
54023,1
54024,5
54025,2
54026,9
54027,1
54028,3
54029,3
54030,7
54031,9
54032,6
54033,2
54034,8
54035,2
54036,1
54037,7
54038,9
54039,9
54040,8
54041,4
54042,4
54043,2
54044,0
54045,5
54046,4
54047,8
54048,9
54049,6
54050,9
54051,5
54052,2
54053,5
54054,8
54055,9
54056,8
54057,9
54058,2
54059,1
54060,3
54061,1
54062,3
54063,5
54064,9
54065,2
54066,7
54067,6
54068,6
54069,9
54070,1
54071,1
54072,7
54073,3
54074,3
54075,2
54076,9
54077,3
54078,2
54079,1
54080,0
54081,9
54082,8
54083,0
54084,3
54085,9
54086,6
54087,1
54088,3
54089,0
54090,2
54091,5
54092,8
54093,8
54094,1
54095,2
54096,7
54097,9
54098,9
54099,7
54100,7
54101,0
54102,0
54103,1
54104,8
54105,2
54106,7
54107,3
54108,0
54109,9
54110,2
54111,5
54112,4
54113,6
54114,7
54115,7
54116,4
54117,8
54118,7
54119,7
54120,8
54121,0
54122,5
54123,1
54124,6
54125,2
54126,3
54127,3
54128,2
54129,4
54130,4
54131,5
54132,8
54133,6
54134,2
54135,7
54136,8
54137,8
54138,9
54139,9
54140,3
54141,0
54142,5
54143,1
54144,9
54145,2
54146,9
54147,3
54148,7
54149,4
54150,6
54151,5
54152,7
54153,6
54154,9
54155,7
54156,4
54157,8
54158,4
54159,5
54160,2
54161,2
54162,8
54163,8
54164,1
54165,1
54166,9
54167,7
54168,2
54169,2
54170,9
54171,4
54172,6
54173,1
54174,3
54175,4
54176,7
54177,1
54178,8
54179,4
54180,8
54181,9
54182,1
54183,6
54184,3
54185,8
54186,7
54187,4
54188,6
54189,5
54190,8
54191,8
54192,8
54193,7
54194,7
54195,3
54196,6
54197,4
54198,8
54199,3
54200,6
54201,3
54202,5
54203,5
54204,6
54205,6
54206,6
54207,7
54208,3
54209,0
54210,1
54211,6
54212,7
54213,1
54214,0
54215,6
54216,8
54217,8
54218,7
54219,7
54220,2
54221,0
54222,9
54223,1
54224,6
54225,5
54226,8
54227,6
54228,3
54229,0
54230,5
54231,8
54232,0
54233,5
54234,4
54235,0
54236,1
54237,6
54238,2
54239,1
54240,2
54241,5
54242,3
54243,8
54244,9
54245,4
54246,5
54247,2
54248,3
54249,3
54250,5
54251,9
54252,6
54253,7
54254,1
54255,6
54256,7
54257,9
54258,3
54259,1
54260,5
54261,9
54262,2
54263,0
54264,4
54265,6
54266,9
54267,7
54268,8
54269,1
54270,3
54271,2
54272,0
54273,3
54274,7
54275,9
54276,4
54277,2
54278,7
54279,4
54280,8
54281,5
54282,5
54283,5
54284,0
54285,3
54286,2
54287,7
54288,6
54289,5
54290,0
54291,3
54292,2
54293,1
54294,4
54295,5
54296,8
54297,2
54298,6
54299,2
54300,9
54301,3
54302,5
54303,0
54304,3
54305,2
54306,2
54307,9
54308,8
54309,4
54310,1
54311,9
54312,9
54313,0
54314,2
54315,2
54316,6
54317,7
54318,2
54319,4
54320,0
54321,4
54322,3
54323,9
54324,5
54325,2
54326,2
54327,8
54328,0
54329,1
54330,2
54331,5
54332,6
54333,6
54334,9
54335,9
54336,8
54337,8
54338,2
54339,3
54340,1
54341,8
54342,1
54343,3
54344,8
54345,6
54346,8
54347,4
54348,6
54349,0
54350,2
54351,0
54352,8
54353,1
54354,0
54355,2
54356,0
54357,3
54358,4
54359,4
54360,6
54361,5
54362,8
54363,6
54364,7
54365,7
54366,3
54367,8
54368,0
54369,9
54370,6
54371,0
54372,7
54373,1
54374,4
54375,2
54376,4
54377,8
54378,3
54379,4
54380,1
54381,5
54382,9
54383,6
54384,1
54385,9
54386,9
54387,8
54388,1
54389,9
54390,6
54391,0
54392,0
54393,1
54394,5
54395,2
54396,7
54397,3
54398,3
54399,4
54400,5
54401,5
54402,3
54403,6
54404,0
54405,7
54406,3
54407,8
54408,2
54409,6
54410,9
54411,0
54412,9
54413,3
54414,0
54415,4
54416,1
54417,1
54418,1
54419,4
54420,6
54421,0
54422,4
54423,8
54424,2
54425,6
54426,7
54427,4
54428,1
54429,5
54430,3
54431,4
54432,3
54433,0
54434,1
54435,7
54436,9
54437,8
54438,1
54439,7
54440,3
54441,7
54442,5
54443,9
54444,3
54445,0
54446,5
54447,4
54448,2
54449,9
54450,8
54451,9
54452,9
54453,7
54454,2
54455,4
54456,2
54457,2
54458,6
54459,0
54460,3
54461,5
54462,6
54463,8
54464,0
54465,5
54466,4
54467,9
54468,1
54469,8
54470,1
54471,8
54472,7
54473,4
54474,0
54475,0
54476,3
54477,7
54478,7
54479,1
54480,2
54481,3
54482,7
54483,5
54484,2
54485,1
54486,0
54487,3
54488,8
54489,1
54490,6
54491,5
54492,8
54493,3
54494,7
54495,8
54496,6
54497,7
54498,8
54499,3
54500,5
54501,1
54502,0
54503,6
54504,9
54505,8
54506,2
54507,5
54508,9
54509,9
54510,5
54511,2
54512,0
54513,2
54514,0
54515,0
54516,3
54517,9
54518,6
54519,2
54520,9
54521,4
54522,7
54523,6
54524,3
54525,5
54526,3
54527,2
54528,5
54529,7
54530,3
54531,3
54532,7
54533,1
54534,3
54535,2
54536,7
54537,6
54538,9
54539,6
54540,7
54541,2
54542,9
54543,1
54544,1
54545,2
54546,9
54547,6
54548,9
54549,0
54550,8
54551,2
54552,1
54553,2
54554,1
54555,7
54556,2
54557,1
54558,7
54559,3
54560,3
54561,7
54562,5
54563,4
54564,8
54565,7
54566,5
54567,4
54568,3
54569,8
54570,6
54571,9
54572,6
54573,2
54574,6
54575,9
54576,1
54577,5
54578,9
54579,1
54580,1
54581,5
54582,4
54583,6
54584,9
54585,8
54586,7
54587,3
54588,4
54589,5
54590,8
54591,6
54592,9
54593,8
54594,8
54595,0
54596,8
54597,0
54598,5
54599,9
54600,0
54601,9
54602,6
54603,3
54604,5
54605,1
54606,4
54607,1
54608,0
54609,0
54610,6
54611,1
54612,8
54613,2
54614,1
54615,3
54616,1
54617,4
54618,6
54619,5
54620,0
54621,6
54622,3
54623,9
54624,0
54625,8
54626,8
54627,9
54628,9
54629,0
54630,6
54631,1
54632,7
54633,2
54634,4
54635,5
54636,8
54637,4
54638,7
54639,5
54640,5
54641,6
54642,0
54643,7
54644,7
54645,8
54646,6
54647,9
54648,3
54649,0
54650,9
54651,1
54652,6
54653,2
54654,8
54655,3
54656,8
54657,4
54658,3
54659,5
54660,3
54661,6
54662,6
54663,7
54664,1
54665,8
54666,4
54667,9
54668,4
54669,7
54670,5
54671,5
54672,4
54673,5
54674,2
54675,1
54676,2
54677,9
54678,7
54679,9
54680,2
54681,7
54682,2
54683,1
54684,8
54685,0
54686,9
54687,9
54688,7
54689,0
54690,0
54691,7
54692,1
54693,1
54694,3
54695,7
54696,7
54697,3
54698,9
54699,6
54700,3
54701,8
54702,4
54703,0
54704,3
54705,8
54706,3
54707,8
54708,1
54709,2
54710,4
54711,0
54712,8
54713,9
54714,2
54715,0
54716,1
54717,6
54718,4
54719,1
54720,1
54721,7
54722,3
54723,5
54724,3
54725,8
54726,8
54727,3
54728,0
54729,4
54730,3
54731,7
54732,7
54733,6
54734,7
54735,3
54736,3
54737,2
54738,9
54739,3
54740,7
54741,8
54742,4
54743,9
54744,5
54745,4
54746,3
54747,8
54748,4
54749,8
54750,5
54751,7
54752,1
54753,1
54754,2
54755,0
54756,2
54757,8
54758,2
54759,9
54760,9
54761,7
54762,2
54763,9
54764,0
54765,2
54766,9
54767,3
54768,2
54769,4
54770,4
54771,6
54772,3
54773,1
54774,5
54775,1
54776,5
54777,4
54778,1
54779,5
54780,3
54781,5
54782,0
54783,0
54784,1
54785,4
54786,1
54787,8
54788,6
54789,7
54790,2
54791,9
54792,7
54793,9
54794,2
54795,2
54796,2
54797,3
54798,3
54799,6
54800,0
54801,4
54802,6
54803,1
54804,0
54805,2
54806,2
54807,9
54808,0
54809,1
54810,0
54811,5
54812,0
54813,4
54814,2
54815,2
54816,1
54817,0
54818,7
54819,4
54820,6
54821,8
54822,0
54823,6
54824,1
54825,1
54826,4
54827,9
54828,5
54829,3
54830,6
54831,2
54832,0
54833,0
54834,1
54835,0
54836,8
54837,2
54838,2
54839,5
54840,2
54841,6
54842,8
54843,9
54844,0
54845,3
54846,8
54847,6
54848,2
54849,3
54850,9
54851,6
54852,4
54853,0
54854,2
54855,1
54856,3
54857,2
54858,5
54859,3
54860,9
54861,4
54862,5
54863,7
54864,1
54865,0
54866,2
54867,2
54868,5
54869,4
54870,8
54871,7
54872,1
54873,0
54874,9
54875,1
54876,1
54877,2
54878,9
54879,8
54880,5
54881,4
54882,7
54883,5
54884,8
54885,0
54886,1
54887,7
54888,3
54889,8
54890,7
54891,7
54892,0
54893,2
54894,2
54895,4
54896,8
54897,1
54898,3
54899,4
54900,0
54901,1
54902,5
54903,4
54904,5
54905,9
54906,4
54907,6
54908,2
54909,8
54910,5
54911,4
54912,7
54913,1
54914,5
54915,8
54916,9
54917,7
54918,9
54919,2
54920,8
54921,4
54922,0
54923,6
54924,2
54925,7
54926,9
54927,0
54928,5
54929,6
54930,3
54931,1
54932,5
54933,6
54934,5
54935,8
54936,4
54937,7
54938,5
54939,0
54940,7
54941,0
54942,0
54943,0
54944,9
54945,6
54946,1
54947,1
54948,6
54949,5
54950,8
54951,2
54952,3
54953,3
54954,2
54955,9
54956,2
54957,7
54958,8
54959,6
54960,4
54961,9
54962,9
54963,1
54964,7
54965,9
54966,9
54967,0
54968,1
54969,6
54970,5
54971,7
54972,3
54973,4
54974,1
54975,5
54976,3
54977,2
54978,2
54979,1
54980,0
54981,4
54982,0
54983,3
54984,9
54985,0
54986,8
54987,2
54988,5
54989,9
54990,8
54991,4
54992,4
54993,9
54994,6
54995,7
54996,9
54997,0
54998,4
54999,0
55000,1
55001,2
55002,8
55003,7
55004,4
55005,4
55006,0
55007,9
55008,3
55009,9
55010,5
55011,4
55012,6
55013,9
55014,1
55015,1
55016,6
55017,2
55018,6
55019,6
55020,8
55021,7
55022,8
55023,0
55024,4
55025,4
55026,8
55027,0
55028,5
55029,0
55030,0
55031,1
55032,2
55033,2
55034,7
55035,3
55036,1
55037,4
55038,3
55039,6
55040,2
55041,7
55042,6
55043,8
55044,2
55045,0
55046,1
55047,1
55048,0
55049,2
55050,3
55051,3
55052,7
55053,4
55054,3
55055,5
55056,0
55057,6
55058,5
55059,7
55060,3
55061,8
55062,3
55063,9
55064,5
55065,0
55066,6
55067,1
55068,9
55069,2
55070,2
55071,3
55072,9
55073,4
55074,4
55075,5
55076,5
55077,6
55078,7
55079,7
55080,1
55081,8
55082,7
55083,1
55084,7
55085,4
55086,7
55087,4
55088,7
55089,2
55090,7
55091,3
55092,9
55093,3
55094,7
55095,0
55096,6
55097,9
55098,4
55099,5
55100,2
55101,4
55102,9
55103,3
55104,3
55105,0
55106,3
55107,8
55108,5
55109,4
55110,0
55111,6
55112,6
55113,7
55114,9
55115,0
55116,5
55117,7
55118,8
55119,7
55120,9
55121,1
55122,8
55123,6
55124,4
55125,9
55126,9
55127,1
55128,0
55129,2
55130,0
55131,9
55132,8
55133,3
55134,6
55135,6
55136,4
55137,2
55138,6
55139,3
55140,1
55141,4
55142,1
55143,6
55144,3
55145,8
55146,8
55147,7
55148,5
55149,2
55150,1
55151,3
55152,0
55153,8
55154,6
55155,1
55156,8
55157,2
55158,2
55159,9
55160,4
55161,5
55162,6
55163,8
55164,5
55165,8
55166,6
55167,7
55168,6
55169,1
55170,2
55171,7
55172,2
55173,1
55174,7
55175,1
55176,2
55177,0
55178,4
55179,3
55180,7
55181,4
55182,8
55183,2
55184,5
55185,6
55186,2
55187,4
55188,2
55189,7
55190,1
55191,4
55192,8
55193,2
55194,2
55195,7
55196,5
55197,4
55198,3
55199,2
55200,9
55201,9
55202,2
55203,2
55204,5
55205,7
55206,6
55207,9
55208,5
55209,2
55210,7
55211,8
55212,5
55213,6
55214,1
55215,1
55216,7
55217,0
55218,8
55219,6
55220,2
55221,8
55222,1
55223,5
55224,4
55225,5
55226,6
55227,0
55228,2
55229,5
55230,1
55231,3
55232,1
55233,5
55234,8
55235,9
55236,1
55237,7
55238,7
55239,4
55240,4
55241,8
55242,0
55243,9
55244,9
55245,6
55246,0
55247,7
55248,5
55249,3
55250,8
55251,0
55252,6
55253,0
55254,0
55255,6
55256,8
55257,3
55258,4
55259,0
55260,5
55261,5
55262,1
55263,8
55264,8
55265,9
55266,7
55267,1
55268,3
55269,8
55270,7
55271,1
55272,8
55273,6
55274,6
55275,0
55276,7
55277,0
55278,2
55279,1
55280,4
55281,2
55282,4
55283,3
55284,8
55285,4
55286,1
55287,5
55288,0
55289,6
55290,0
55291,7
55292,3
55293,8
55294,9
55295,9
55296,1
55297,0
55298,5
55299,1
55300,2
55301,3
55302,0
55303,4
55304,2
55305,5
55306,1
55307,6
55308,2
55309,7
55310,9
55311,8
55312,8
55313,9
55314,6
55315,0
55316,2
55317,1
55318,4
55319,2
55320,4
55321,3
55322,3
55323,4
55324,1
55325,5
55326,2
55327,6
55328,4
55329,7
55330,5
55331,8
55332,4
55333,9
55334,3
55335,1
55336,3
55337,4
55338,1
55339,4
55340,1
55341,3
55342,5
55343,3
55344,7
55345,0
55346,7
55347,9
55348,0
55349,5
55350,5
55351,9
55352,2
55353,3
55354,0
55355,0
55356,5
55357,8
55358,1
55359,4
55360,2
55361,0
55362,6
55363,7
55364,9
55365,7
55366,0
55367,6
55368,8
55369,9
55370,9
55371,1
55372,6
55373,2
55374,7
55375,9
55376,5
55377,3
55378,3
55379,6
55380,1
55381,2
55382,6
55383,3
55384,7
55385,4
55386,1
55387,6
55388,5
55389,5
55390,6
55391,2
55392,8
55393,3
55394,5
55395,8
55396,5
55397,1
55398,0
55399,2
55400,0
55401,9
55402,0
55403,5
55404,2
55405,8
55406,9
55407,8
55408,0
55409,7
55410,0
55411,1
55412,1
55413,9
55414,5
55415,1
55416,4
55417,1
55418,4
55419,3
55420,6
55421,4
55422,7
55423,4
55424,4
55425,7
55426,9
55427,4
55428,6
55429,2
55430,8
55431,7
55432,3
55433,2
55434,5
55435,9
55436,8
55437,2
55438,9
55439,7
55440,3
55441,9
55442,5
55443,2
55444,7
55445,8
55446,7
55447,6
55448,7
55449,1
55450,5
55451,8
55452,7
55453,5
55454,9
55455,5
55456,6
55457,0
55458,4
55459,5
55460,5
55461,3
55462,8
55463,5
55464,9
55465,9
55466,7
55467,7
55468,9
55469,4
55470,3
55471,8
55472,2
55473,9
55474,3
55475,6
55476,7
55477,9
55478,1
55479,0
55480,9
55481,0
55482,3
55483,6
55484,0
55485,3
55486,7
55487,0
55488,7
55489,5
55490,4
55491,8
55492,7
55493,9
55494,7
55495,1
55496,2
55497,8
55498,5
55499,1
55500,1
55501,0
55502,1
55503,0
55504,2
55505,1
55506,5
55507,2
55508,2
55509,3
55510,9
55511,4
55512,6
55513,3
55514,7
55515,6
55516,4
55517,7
55518,7
55519,8
55520,6
55521,0
55522,4
55523,1
55524,1
55525,2
55526,2
55527,3
55528,2
55529,4
55530,8
55531,8
55532,4
55533,6
55534,8
55535,7
55536,6
55537,8
55538,9
55539,9
55540,2
55541,0
55542,2
55543,1
55544,7
55545,2
55546,4
55547,3
55548,3
55549,4
55550,3
55551,6
55552,4
55553,7
55554,5
55555,8
55556,0
55557,8
55558,6
55559,2
55560,7
55561,6
55562,7
55563,9
55564,4
55565,6
55566,3
55567,1
55568,9
55569,9
55570,9
55571,9
55572,5
55573,9
55574,1
55575,4
55576,0
55577,4
55578,1
55579,3
55580,3
55581,8
55582,0
55583,1
55584,6
55585,4
55586,8
55587,1
55588,0
55589,2
55590,6
55591,5
55592,3
55593,0
55594,1
55595,9
55596,1
55597,4
55598,9
55599,9
55600,9
55601,1
55602,5
55603,7
55604,1
55605,4
55606,8
55607,4
55608,7
55609,1
55610,8
55611,8
55612,3
55613,7
55614,8
55615,6
55616,6
55617,0
55618,1
55619,8
55620,8
55621,1
55622,0
55623,8
55624,0
55625,2
55626,6
55627,6
55628,3
55629,2
55630,4
55631,0
55632,8
55633,9
55634,1
55635,1
55636,9
55637,2
55638,6
55639,5
55640,3
55641,4
55642,4
55643,5
55644,1
55645,6
55646,0
55647,7
55648,9
55649,3
55650,8
55651,0
55652,9
55653,2
55654,4
55655,2
55656,0
55657,2
55658,4
55659,7
55660,6
55661,5
55662,2
55663,0
55664,0
55665,3
55666,0
55667,3
55668,7
55669,2
55670,6
55671,1
55672,3
55673,4
55674,8
55675,4
55676,4
55677,3
55678,2
55679,0
55680,0
55681,0
55682,0
55683,8
55684,4
55685,5
55686,1
55687,4
55688,3
55689,7
55690,1
55691,9
55692,2
55693,7
55694,3
55695,8
55696,8
55697,8
55698,3
55699,7
55700,7
55701,9
55702,4
55703,6
55704,2
55705,3
55706,8
55707,1
55708,5
55709,7
55710,1
55711,9
55712,5
55713,6
55714,1
55715,3
55716,1
55717,3
55718,5
55719,1
55720,6
55721,0
55722,5
55723,2
55724,7
55725,6
55726,3
55727,0
55728,5
55729,3
55730,9
55731,6
55732,3
55733,8
55734,5
55735,7
55736,4
55737,3
55738,6
55739,2
55740,1
55741,8
55742,6
55743,8
55744,7
55745,0
55746,3
55747,1
55748,5
55749,2
55750,7
55751,3
55752,0
55753,4
55754,6
55755,5
55756,7
55757,6
55758,1
55759,7
55760,6
55761,8
55762,8
55763,9
55764,8
55765,0
55766,8
55767,1
55768,1
55769,2
55770,6
55771,3
55772,8
55773,4
55774,4
55775,5
55776,4
55777,6
55778,9
55779,7
55780,9
55781,8
55782,2
55783,9
55784,1
55785,0
55786,1
55787,1
55788,4
55789,2
55790,8
55791,3
55792,3
55793,4
55794,5
55795,5
55796,3
55797,6
55798,6
55799,7
55800,5
55801,8
55802,9
55803,9
55804,5
55805,0
55806,0
55807,8
55808,2
55809,7
55810,4
55811,8
55812,4
55813,9
55814,9
55815,9
55816,2
55817,0
55818,5
55819,1
55820,6
55821,4
55822,0
55823,5
55824,6
55825,1
55826,9
55827,6
55828,4
55829,7
55830,0
55831,3
55832,1
55833,2
55834,3
55835,9
55836,7
55837,0
55838,5
55839,5
55840,0
55841,6
55842,7
55843,7
55844,3
55845,3
55846,1
55847,9
55848,7
55849,9
55850,9
55851,3
55852,8
55853,8
55854,7
55855,1
55856,9
55857,2
55858,3
55859,9
55860,4
55861,6
55862,4
55863,7
55864,3
55865,5
55866,3
55867,6
55868,8
55869,3
55870,2
55871,5
55872,4
55873,0
55874,3
55875,5
55876,3
55877,4
55878,5
55879,0
55880,8
55881,3
55882,7
55883,4
55884,9
55885,7
55886,6
55887,7
55888,1
55889,9
55890,0
55891,4
55892,0
55893,3
55894,5
55895,7
55896,2
55897,6
55898,4
55899,2
55900,6
55901,1
55902,5
55903,5
55904,6
55905,5
55906,5
55907,0
55908,5
55909,5
55910,5
55911,0
55912,2
55913,6
55914,5
55915,7
55916,7
55917,0
55918,9
55919,2
55920,1
55921,9
55922,0
55923,3
55924,4
55925,4
55926,3
55927,4
55928,7
55929,8
55930,4
55931,1
55932,3
55933,2
55934,7
55935,2
55936,6
55937,3
55938,9
55939,1
55940,8
55941,3
55942,6
55943,6
55944,4
55945,7
55946,8
55947,3
55948,4
55949,9
55950,2
55951,6
55952,2
55953,5
55954,4
55955,1
55956,6
55957,9
55958,5
55959,8
55960,3
55961,1
55962,3
55963,1
55964,4
55965,5
55966,3
55967,0
55968,9
55969,2
55970,9
55971,7
55972,2
55973,8
55974,3
55975,6
55976,4
55977,6
55978,9
55979,8
55980,5
55981,4
55982,2
55983,4
55984,6
55985,2
55986,0
55987,2
55988,1
55989,8
55990,4
55991,0
55992,9
55993,0
55994,6
55995,1
55996,2
55997,2
55998,3
55999,3
56000,1
56001,8
56002,5
56003,9
56004,8
56005,0
56006,4
56007,1
56008,3
56009,2
56010,1
56011,4
56012,3
56013,5
56014,2
56015,6
56016,1
56017,7
56018,9
56019,8
56020,1
56021,9
56022,6
56023,0
56024,5
56025,1
56026,8
56027,2
56028,7
56029,3
56030,7
56031,4
56032,5
56033,5
56034,7
56035,6
56036,5
56037,7
56038,5
56039,8
56040,2
56041,9
56042,7
56043,3
56044,6
56045,5
56046,1
56047,3
56048,1
56049,2
56050,0
56051,9
56052,7
56053,3
56054,5
56055,2
56056,8
56057,1
56058,7
56059,4
56060,4
56061,5
56062,9
56063,5
56064,7
56065,2
56066,1
56067,3
56068,8
56069,2
56070,8
56071,1
56072,4
56073,3
56074,7
56075,9
56076,1
56077,7
56078,9
56079,2
56080,4
56081,1
56082,8
56083,2
56084,4
56085,8
56086,7
56087,9
56088,2
56089,1
56090,9
56091,8
56092,9
56093,8
56094,4
56095,7
56096,7
56097,8
56098,6
56099,1
56100,2
56101,0
56102,9
56103,0
56104,2
56105,6
56106,4
56107,7
56108,5
56109,7
56110,1
56111,7
56112,7
56113,5
56114,1
56115,6
56116,5
56117,1
56118,7
56119,5
56120,2
56121,7
56122,4
56123,1
56124,0
56125,2
56126,8
56127,5
56128,5
56129,0
56130,6
56131,7
56132,7
56133,9
56134,1
56135,9
56136,3
56137,0
56138,1
56139,3
56140,0
56141,8
56142,4
56143,4
56144,6
56145,1
56146,9
56147,4
56148,6
56149,1
56150,4
56151,8
56152,5
56153,6
56154,2
56155,5
56156,9
56157,9
56158,0
56159,0
56160,7
56161,0
56162,6
56163,0
56164,3
56165,3
56166,9
56167,7
56168,2
56169,1
56170,8
56171,6
56172,6
56173,4
56174,0
56175,2
56176,0
56177,6
56178,9
56179,6
56180,1
56181,0
56182,6
56183,4
56184,4
56185,5
56186,6
56187,4
56188,6
56189,1
56190,4
56191,3
56192,1
56193,8
56194,6
56195,6
56196,7
56197,3
56198,3
56199,9
56200,5
56201,9
56202,5
56203,5
56204,5
56205,9
56206,5
56207,3
56208,1
56209,7
56210,6
56211,6
56212,9
56213,2
56214,5
56215,2
56216,9
56217,0
56218,7
56219,0
56220,9
56221,1
56222,2
56223,2
56224,3
56225,3
56226,1
56227,4
56228,8
56229,5
56230,9
56231,6
56232,6
56233,7
56234,3
56235,8
56236,0
56237,9
56238,9
56239,0
56240,6
56241,1
56242,4
56243,2
56244,4
56245,3
56246,5
56247,4
56248,0
56249,5
56250,8
56251,6
56252,1
56253,7
56254,8
56255,8
56256,0
56257,9
56258,4
56259,0
56260,3
56261,1
56262,5
56263,2
56264,2
56265,3
56266,7
56267,4
56268,9
56269,5
56270,9
56271,1
56272,7
56273,1
56274,7
56275,8
56276,4
56277,5
56278,1
56279,9
56280,4
56281,4
56282,2
56283,1
56284,8
56285,7
56286,8
56287,7
56288,3
56289,2
56290,8
56291,1
56292,1
56293,4
56294,7
56295,8
56296,8
56297,3
56298,2
56299,8
56300,6
56301,2
56302,4
56303,9
56304,9
56305,3
56306,5
56307,8
56308,1
56309,5
56310,5
56311,4
56312,2
56313,8
56314,5
56315,8
56316,4
56317,9
56318,0
56319,4
56320,9
56321,8
56322,8
56323,9
56324,3
56325,2
56326,1
56327,5
56328,1
56329,7
56330,4
56331,4
56332,0
56333,1
56334,4
56335,2
56336,1
56337,3
56338,1
56339,5
56340,2
56341,9
56342,6
56343,1
56344,5
56345,6
56346,7
56347,0
56348,9
56349,1
56350,4
56351,0
56352,0
56353,0
56354,7
56355,2
56356,7
56357,8
56358,5
56359,7
56360,5
56361,2
56362,0
56363,5
56364,4
56365,1
56366,5
56367,1
56368,5
56369,8
56370,5
56371,5
56372,2
56373,6
56374,1
56375,4
56376,4
56377,0
56378,8
56379,9
56380,1
56381,7
56382,7
56383,3
56384,1
56385,6
56386,8
56387,8
56388,0
56389,0
56390,7
56391,2
56392,7
56393,7
56394,2
56395,4
56396,8
56397,2
56398,3
56399,6
56400,4
56401,9
56402,8
56403,2
56404,0
56405,6
56406,4
56407,5
56408,9
56409,8
56410,7
56411,6
56412,8
56413,9
56414,9
56415,0
56416,7
56417,4
56418,7
56419,0
56420,3
56421,6
56422,4
56423,1
56424,0
56425,9
56426,7
56427,2
56428,8
56429,0
56430,8
56431,9
56432,7
56433,5
56434,3
56435,1
56436,0
56437,3
56438,7
56439,7
56440,4
56441,6
56442,9
56443,9
56444,0
56445,4
56446,6
56447,8
56448,3
56449,3
56450,0
56451,7
56452,1
56453,7
56454,0
56455,6
56456,1
56457,9
56458,9
56459,0
56460,0
56461,5
56462,7
56463,6
56464,3
56465,2
56466,9
56467,2
56468,5
56469,0
56470,8
56471,1
56472,7
56473,2
56474,5
56475,3
56476,5
56477,4
56478,9
56479,5
56480,7
56481,6
56482,7
56483,7
56484,4
56485,8
56486,9
56487,9
56488,3
56489,0
56490,1
56491,1
56492,3
56493,2
56494,1
56495,3
56496,4
56497,4
56498,2
56499,5
56500,7
56501,6
56502,8
56503,7
56504,3
56505,8
56506,1
56507,9
56508,2
56509,0
56510,7
56511,1
56512,0
56513,2
56514,2
56515,3
56516,4
56517,5
56518,7
56519,6
56520,6
56521,7
56522,0
56523,8
56524,3
56525,1
56526,6
56527,9
56528,3
56529,5
56530,0
56531,7
56532,4
56533,0
56534,7
56535,3
56536,8
56537,1
56538,1
56539,4
56540,2
56541,1
56542,7
56543,7
56544,8
56545,6
56546,7
56547,5
56548,6
56549,6
56550,4
56551,4
56552,6
56553,2
56554,5
56555,7
56556,0
56557,8
56558,2
56559,1
56560,8
56561,3
56562,6
56563,4
56564,4
56565,3
56566,5
56567,7
56568,6
56569,2
56570,0
56571,5
56572,1
56573,0
56574,3
56575,1
56576,9
56577,9
56578,3
56579,2
56580,9
56581,3
56582,6
56583,2
56584,1
56585,3
56586,5
56587,5
56588,7
56589,5
56590,1
56591,7
56592,6
56593,8
56594,8
56595,4
56596,9
56597,9
56598,2
56599,9
56600,1
56601,7
56602,1
56603,1
56604,7
56605,1
56606,0
56607,9
56608,0
56609,0
56610,1
56611,7
56612,2
56613,8
56614,0
56615,3
56616,5
56617,8
56618,9
56619,6
56620,9
56621,3
56622,2
56623,8
56624,3
56625,0
56626,0
56627,9
56628,5
56629,6
56630,5
56631,2
56632,6
56633,1
56634,9
56635,0
56636,8
56637,1
56638,7
56639,0
56640,7
56641,6
56642,4
56643,2
56644,1
56645,3
56646,4
56647,8
56648,4
56649,9
56650,7
56651,0
56652,7
56653,7
56654,3
56655,7
56656,1
56657,3
56658,5
56659,4
56660,1
56661,5
56662,0
56663,5
56664,2
56665,2
56666,5
56667,8
56668,1
56669,5
56670,7
56671,4
56672,1
56673,6
56674,0
56675,6
56676,4
56677,6
56678,6
56679,7
56680,7
56681,9
56682,2
56683,1
56684,9
56685,8
56686,0
56687,2
56688,1
56689,1
56690,9
56691,2
56692,6
56693,6
56694,7
56695,5
56696,1
56697,3
56698,4
56699,4
56700,4
56701,7
56702,9
56703,9
56704,0
56705,4
56706,6
56707,0
56708,9
56709,0
56710,8
56711,5
56712,5
56713,9
56714,1
56715,0
56716,8
56717,8
56718,6
56719,2
56720,5
56721,3
56722,7
56723,4
56724,0
56725,5
56726,9
56727,6
56728,1
56729,7
56730,3
56731,8
56732,5
56733,9
56734,1
56735,0
56736,6
56737,1
56738,3
56739,2
56740,4
56741,3
56742,2
56743,4
56744,1
56745,5
56746,6
56747,6
56748,5
56749,7
56750,1
56751,8
56752,2
56753,9
56754,3
56755,0
56756,7
56757,1
56758,4
56759,2
56760,9
56761,3
56762,2
56763,4
56764,1
56765,5
56766,0
56767,6
56768,1
56769,7
56770,4
56771,8
56772,1
56773,7
56774,4
56775,0
56776,3
56777,0
56778,0
56779,1
56780,7
56781,0
56782,5
56783,1
56784,4
56785,2
56786,5
56787,7
56788,9
56789,5
56790,6
56791,3
56792,9
56793,4
56794,7
56795,2
56796,6
56797,4
56798,7
56799,9
56800,3
56801,0
56802,4
56803,0
56804,5
56805,6
56806,7
56807,9
56808,9
56809,6
56810,1
56811,6
56812,5
56813,5
56814,7
56815,7
56816,7
56817,3
56818,4
56819,2
56820,3
56821,2
56822,7
56823,3
56824,8
56825,4
56826,4
56827,4
56828,7
56829,9
56830,6
56831,1
56832,7
56833,4
56834,1
56835,0
56836,1
56837,7
56838,5
56839,9
56840,6
56841,7
56842,3
56843,5
56844,7
56845,6
56846,7
56847,2
56848,2
56849,3
56850,7
56851,1
56852,5
56853,4
56854,6
56855,9
56856,4
56857,0
56858,8
56859,9
56860,5
56861,9
56862,6
56863,6
56864,2
56865,1
56866,8
56867,8
56868,0
56869,3
56870,1
56871,3
56872,8
56873,7
56874,8
56875,3
56876,6
56877,9
56878,6
56879,8
56880,7
56881,8
56882,1
56883,9
56884,9
56885,6
56886,4
56887,8
56888,7
56889,8
56890,9
56891,8
56892,7
56893,4
56894,8
56895,7
56896,9
56897,7
56898,5
56899,6
56900,7
56901,2
56902,1
56903,1
56904,6
56905,9
56906,9
56907,8
56908,0
56909,7
56910,1
56911,8
56912,1
56913,8
56914,2
56915,7
56916,6
56917,2
56918,6
56919,2
56920,7
56921,3
56922,2
56923,9
56924,7
56925,3
56926,2
56927,3
56928,5
56929,0
56930,9
56931,7
56932,7
56933,9
56934,3
56935,5
56936,6
56937,6
56938,5
56939,4
56940,0
56941,0
56942,0
56943,6
56944,9
56945,1
56946,4
56947,5
56948,9
56949,0
56950,0
56951,4
56952,8
56953,1
56954,0
56955,1
56956,8
56957,2
56958,4
56959,8
56960,1
56961,2
56962,5
56963,6
56964,6
56965,1
56966,3
56967,5
56968,0
56969,0
56970,4
56971,1
56972,6
56973,2
56974,3
56975,3
56976,5
56977,4
56978,4
56979,5
56980,1
56981,6
56982,5
56983,7
56984,0
56985,8
56986,1
56987,9
56988,6
56989,0
56990,4
56991,1
56992,7
56993,2
56994,3
56995,3
56996,9
56997,4
56998,2
56999,5
57000,0
57001,8
57002,4
57003,0
57004,3
57005,1
57006,9
57007,2
57008,9
57009,3
57010,6
57011,4
57012,6
57013,5
57014,1
57015,6
57016,3
57017,5
57018,9
57019,8
57020,0
57021,1
57022,1
57023,6
57024,9
57025,5
57026,4
57027,0
57028,5
57029,6
57030,8
57031,8
57032,7
57033,9
57034,0
57035,4
57036,6
57037,1
57038,8
57039,9
57040,8
57041,9
57042,8
57043,4
57044,7
57045,8
57046,1
57047,9
57048,7
57049,1
57050,9
57051,4
57052,9
57053,0
57054,3
57055,5
57056,3
57057,1
57058,1
57059,4
57060,8
57061,0
57062,2
57063,7
57064,0
57065,6
57066,7
57067,0
57068,0
57069,1
57070,8
57071,7
57072,9
57073,0
57074,7
57075,6
57076,1
57077,8
57078,1
57079,9
57080,8
57081,5
57082,9
57083,7
57084,8
57085,7
57086,2
57087,8
57088,3
57089,6
57090,5
57091,0
57092,0
57093,8
57094,1
57095,1
57096,2
57097,7
57098,7
57099,7
57100,9
57101,1
57102,4
57103,3
57104,2
57105,2
57106,5
57107,3
57108,8
57109,1
57110,7
57111,4
57112,2
57113,2
57114,9
57115,0
57116,9
57117,0
57118,8
57119,7
57120,0
57121,8
57122,6
57123,4
57124,9
57125,6
57126,4
57127,4
57128,5
57129,9
57130,2
57131,3
57132,5
57133,8
57134,7
57135,4
57136,5
57137,7
57138,6
57139,2
57140,6
57141,3
57142,2
57143,6
57144,4
57145,9
57146,4
57147,6
57148,9
57149,3
57150,7
57151,2
57152,9
57153,2
57154,0
57155,4
57156,5
57157,6
57158,6
57159,9
57160,1
57161,0
57162,0
57163,2
57164,8
57165,5
57166,3
57167,5
57168,5
57169,1
57170,1
57171,3
57172,3
57173,3
57174,8
57175,7
57176,0
57177,9
57178,7
57179,8
57180,5
57181,7
57182,5
57183,2
57184,4
57185,2
57186,0
57187,9
57188,7
57189,8
57190,1
57191,2
57192,1
57193,1
57194,3
57195,3
57196,7
57197,1
57198,6
57199,3
57200,8
57201,0
57202,0
57203,1
57204,7
57205,2
57206,9
57207,3
57208,4
57209,4
57210,8
57211,5
57212,8
57213,6
57214,0
57215,7
57216,5
57217,8
57218,6
57219,9
57220,1
57221,0
57222,1
57223,1
57224,9
57225,2
57226,6
57227,3
57228,4
57229,4
57230,7
57231,5
57232,5
57233,6
57234,1
57235,7
57236,9
57237,8
57238,8
57239,9
57240,3
57241,0
57242,3
57243,1
57244,1
57245,2
57246,9
57247,3
57248,5
57249,4
57250,1
57251,5
57252,0
57253,6
57254,6
57255,7
57256,5
57257,8
57258,9
57259,9
57260,6
57261,0
57262,2
57263,8
57264,3
57265,3
57266,1
57267,9
57268,1
57269,5
57270,2
57271,5
57272,1
57273,2
57274,9
57275,6
57276,8
57277,8
57278,3
57279,4
57280,7
57281,9
57282,7
57283,1
57284,2
57285,7
57286,7
57287,1
57288,0
57289,2
57290,9
57291,3
57292,7
57293,5
57294,9
57295,9
57296,0
57297,6
57298,0
57299,9
57300,3
57301,1
57302,8
57303,1
57304,8
57305,1
57306,3
57307,2
57308,3
57309,9
57310,1
57311,5
57312,3
57313,6
57314,6
57315,8
57316,8
57317,1
57318,8
57319,2
57320,5
57321,0
57322,1
57323,7
57324,3
57325,7
57326,0
57327,5
57328,4
57329,8
57330,5
57331,2
57332,3
57333,9
57334,4
57335,4
57336,3
57337,7
57338,2
57339,1
57340,1
57341,3
57342,2
57343,4
57344,7
57345,5
57346,6
57347,6
57348,8
57349,0
57350,7
57351,3
57352,8
57353,6
57354,4
57355,8
57356,0
57357,7
57358,2
57359,0
57360,6
57361,4
57362,1
57363,2
57364,0
57365,7
57366,2
57367,7
57368,4
57369,5
57370,4
57371,4
57372,7
57373,3
57374,9
57375,4
57376,3
57377,2
57378,1
57379,8
57380,9
57381,1
57382,4
57383,5
57384,0
57385,1
57386,7
57387,2
57388,2
57389,4
57390,0
57391,3
57392,8
57393,0
57394,2
57395,0
57396,3
57397,0
57398,2
57399,3
57400,1
57401,3
57402,3
57403,5
57404,8
57405,7
57406,9
57407,0
57408,0
57409,6
57410,1
57411,8
57412,1
57413,6
57414,7
57415,3
57416,2
57417,4
57418,1
57419,6
57420,0
57421,9
57422,4
57423,9
57424,3
57425,8
57426,3
57427,2
57428,9
57429,7
57430,1
57431,7
57432,9
57433,1
57434,8
57435,0
57436,1
57437,1
57438,6
57439,2
57440,1
57441,3
57442,2
57443,4
57444,9
57445,7
57446,2
57447,8
57448,2
57449,9
57450,9
57451,0
57452,9
57453,1
57454,1
57455,2
57456,6
57457,3
57458,7
57459,4
57460,1
57461,5
57462,5
57463,6
57464,1
57465,7
57466,4
57467,8
57468,3
57469,9
57470,5
57471,0
57472,3
57473,1
57474,3
57475,2
57476,9
57477,8
57478,2
57479,7
57480,5
57481,8
57482,4
57483,9
57484,8
57485,9
57486,8
57487,9
57488,3
57489,5
57490,6
57491,0
57492,3
57493,8
57494,0
57495,3
57496,2
57497,5
57498,6
57499,4
57500,2
57501,8
57502,7
57503,2
57504,7
57505,1
57506,2
57507,0
57508,6
57509,2
57510,5
57511,5
57512,7
57513,8
57514,6
57515,8
57516,1
57517,1
57518,6
57519,6
57520,2
57521,1
57522,3
57523,2
57524,6
57525,0
57526,7
57527,3
57528,5
57529,4
57530,4
57531,9
57532,8
57533,3
57534,7
57535,7
57536,0
57537,4
57538,4
57539,9
57540,7
57541,7
57542,0
57543,0
57544,4
57545,9
57546,9
57547,7
57548,4
57549,7
57550,7
57551,9
57552,1
57553,5
57554,6
57555,7
57556,7
57557,6
57558,0
57559,4
57560,7
57561,8
57562,8
57563,9
57564,9
57565,6
57566,5
57567,9
57568,3
57569,4
57570,7
57571,1
57572,7
57573,2
57574,2
57575,0
57576,7
57577,6
57578,6
57579,1
57580,8
57581,7
57582,4
57583,2
57584,3
57585,4
57586,0
57587,6
57588,2
57589,4
57590,9
57591,6
57592,2
57593,5
57594,3
57595,0
57596,8
57597,2
57598,5
57599,1
57600,7
57601,0
57602,8
57603,1
57604,2
57605,2
57606,2
57607,1
57608,3
57609,7
57610,5
57611,8
57612,3
57613,1
57614,1
57615,2
57616,8
57617,5
57618,8
57619,2
57620,2
57621,7
57622,6
57623,9
57624,2
57625,3
57626,2
57627,9
57628,7
57629,0
57630,9
57631,1
57632,2
57633,2
57634,0
57635,3
57636,9
57637,4
57638,9
57639,5
57640,8
57641,6
57642,0
57643,9
57644,1
57645,0
57646,7
57647,1
57648,8
57649,2
57650,0
57651,3
57652,7
57653,7
57654,2
57655,8
57656,6
57657,9
57658,2
57659,0
57660,3
57661,1
57662,6
57663,4
57664,8
57665,8
57666,8
57667,7
57668,8
57669,2
57670,9
57671,5
57672,7
57673,1
57674,9
57675,6
57676,7
57677,4
57678,8
57679,3
57680,3
57681,9
57682,0
57683,5
57684,1
57685,0
57686,0
57687,4
57688,9
57689,3
57690,4
57691,6
57692,7
57693,0
57694,2
57695,0
57696,8
57697,8
57698,3
57699,9
57700,0
57701,7
57702,7
57703,7
57704,4
57705,0
57706,4
57707,0
57708,4
57709,4
57710,5
57711,1
57712,4
57713,4
57714,6
57715,1
57716,2
57717,3
57718,1
57719,6
57720,0
57721,4
57722,1
57723,7
57724,4
57725,7
57726,2
57727,0
57728,5
57729,9
57730,0
57731,7
57732,9
57733,4
57734,3
57735,3
57736,8
57737,7
57738,1
57739,3
57740,1
57741,2
57742,6
57743,5
57744,9
57745,8
57746,0
57747,4
57748,7
57749,1
57750,3
57751,7
57752,2
57753,9
57754,6
57755,7
57756,6
57757,0
57758,6
57759,9
57760,0
57761,1
57762,3
57763,7
57764,6
57765,3
57766,3
57767,8
57768,5
57769,0
57770,6
57771,3
57772,8
57773,8
57774,7
57775,1
57776,9
57777,6
57778,1
57779,4
57780,1
57781,7
57782,9
57783,6
57784,0
57785,1
57786,9
57787,5
57788,3
57789,5
57790,2
57791,6
57792,7
57793,5
57794,4
57795,0
57796,9
57797,1
57798,0
57799,2
57800,8
57801,3
57802,6
57803,4
57804,3
57805,5
57806,3
57807,6
57808,2
57809,7
57810,0
57811,0
57812,8
57813,1
57814,5
57815,2
57816,1
57817,3
57818,5
57819,4
57820,3
57821,5
57822,6
57823,6
57824,5
57825,7
57826,8
57827,0
57828,7
57829,1
57830,1
57831,2
57832,8
57833,3
57834,1
57835,4
57836,7
57837,5
57838,2
57839,7
57840,4
57841,4
57842,6
57843,0
57844,4
57845,4
57846,6
57847,0
57848,5
57849,1
57850,6
57851,7
57852,5
57853,5
57854,9
57855,1
57856,3
57857,4
57858,7
57859,2
57860,6
57861,4
57862,9
57863,3
57864,3
57865,1
57866,7
57867,7
57868,3
57869,8
57870,8
57871,2
57872,3
57873,4
57874,9
57875,4
57876,2
57877,3
57878,2
57879,3
57880,9
57881,6
57882,8
57883,6
57884,7
57885,7
57886,3
57887,0
57888,1
57889,2
57890,2
57891,6
57892,4
57893,3
57894,7
57895,9
57896,4
57897,3
57898,3
57899,2
57900,0
57901,8
57902,5
57903,1
57904,2
57905,7
57906,1
57907,0
57908,2
57909,3
57910,2
57911,2
57912,0
57913,9
57914,3
57915,4
57916,0
57917,0
57918,8
57919,3
57920,3
57921,7
57922,8
57923,7
57924,0
57925,7
57926,5
57927,7
57928,2
57929,1
57930,2
57931,1
57932,3
57933,2
57934,4
57935,6
57936,2
57937,4
57938,9
57939,8
57940,4
57941,3
57942,5
57943,6
57944,5
57945,4
57946,4
57947,5
57948,1
57949,7
57950,4
57951,5
57952,3
57953,2
57954,1
57955,8
57956,2
57957,1
57958,7
57959,6
57960,1
57961,1
57962,0
57963,0
57964,2
57965,4
57966,2
57967,3
57968,1
57969,1
57970,7
57971,6
57972,4
57973,1
57974,3
57975,9
57976,7
57977,0
57978,7
57979,1
57980,7
57981,2
57982,3
57983,3
57984,8
57985,4
57986,9
57987,5
57988,8
57989,6
57990,8
57991,7
57992,2
57993,8
57994,6
57995,0
57996,7
57997,1
57998,1
57999,2
58000,2
58001,3
58002,0
58003,4
58004,9
58005,5
58006,9
58007,6
58008,1
58009,7
58010,6
58011,8
58012,0
58013,9
58014,0
58015,0
58016,6
58017,1
58018,4
58019,2
58020,8
58021,3
58022,1
58023,4
58024,8
58025,5
58026,2
58027,6
58028,8
58029,7
58030,2
58031,8
58032,2
58033,1
58034,9
58035,0
58036,8
58037,4
58038,0
58039,5
58040,5
58041,6
58042,7
58043,6
58044,2
58045,3
58046,8
58047,4
58048,3
58049,4
58050,6
58051,1
58052,1
58053,0
58054,9
58055,6
58056,1
58057,4
58058,8
58059,9
58060,2
58061,7
58062,0
58063,2
58064,3
58065,3
58066,4
58067,3
58068,2
58069,9
58070,8
58071,2
58072,6
58073,0
58074,0
58075,9
58076,9
58077,3
58078,7
58079,3
58080,2
58081,9
58082,1
58083,1
58084,3
58085,5
58086,3
58087,2
58088,9
58089,3
58090,7
58091,1
58092,7
58093,6
58094,7
58095,7
58096,9
58097,3
58098,2
58099,7
58100,8
58101,1
58102,0
58103,2
58104,2
58105,1
58106,7
58107,8
58108,0
58109,7
58110,0
58111,6
58112,9
58113,3
58114,2
58115,6
58116,0
58117,5
58118,7
58119,5
58120,1
58121,0
58122,8
58123,1
58124,6
58125,7
58126,2
58127,9
58128,7
58129,1
58130,5
58131,8
58132,9
58133,6
58134,5
58135,2
58136,6
58137,2
58138,8
58139,1
58140,7
58141,5
58142,5
58143,7
58144,3
58145,5
58146,0
58147,1
58148,1
58149,3
58150,8
58151,4
58152,9
58153,4
58154,5
58155,1
58156,8
58157,6
58158,8
58159,1
58160,0
58161,1
58162,2
58163,3
58164,4
58165,5
58166,6
58167,7
58168,8
58169,9
58170,0
58171,1
58172,2
58173,3
58174,4
58175,5
58176,6
58177,7
58178,8
58179,9
58180,0
58181,1
58182,2
58183,3
58184,4
58185,7
58186,8
58187,9
58188,7
58189,1
58190,5
58191,6
58192,2
58193,5
58194,4
58195,8
58196,1
58197,7
58198,1
58199,8
58200,3
58201,8
58202,7
58203,1
58204,7
58205,7
58206,0
58207,1
58208,4
58209,4
58210,4
58211,4
58212,4
58213,4
58214,7
58215,2
58216,6
58217,5
58218,4
58219,3
58220,8
58221,7
58222,9
58223,0
58224,6
58225,4
58226,6
58227,3
58228,7
58229,0
58230,1
58231,4
58232,8
58233,8
58234,1
58235,2
58236,9
58237,0
58238,1
58239,8
58240,4
58241,2
58242,9
58243,9
58244,2
58245,9
58246,6
58247,0
58248,5
58249,3
58250,3
58251,6
58252,3
58253,1
58254,2
58255,5
58256,0
58257,3
58258,4
58259,6
58260,1
58261,0
58262,5
58263,9
58264,9
58265,0
58266,1
58267,2
58268,3
58269,4
58270,5
58271,6
58272,7
58273,8
58274,9
58275,0
58276,1
58277,2
58278,3
58279,4
58280,5
58281,6
58282,7
58283,8
58284,9
58285,0
58286,1
58287,2
58288,3
58289,4
58290,5
58291,6
58292,7
58293,8
58294,9
58295,6
58296,8
58297,2
58298,3
58299,7
58300,4
58301,6
58302,8
58303,6
58304,6
58305,8
58306,0
58307,1
58308,7
58309,1
58310,7
58311,3
58312,5
58313,0
58314,2
58315,2
58316,8
58317,2
58318,5
58319,4
58320,1
58321,5
58322,1
58323,2
58324,3
58325,4
58326,8
58327,3
58328,3
58329,6
58330,5
58331,9
58332,9
58333,3
58334,8
58335,1
58336,3
58337,7
58338,9
58339,3
58340,4
58341,1
58342,7
58343,3
58344,4
58345,6
58346,7
58347,4
58348,9
58349,7
58350,0
58351,9
58352,6
58353,0
58354,6
58355,1
58356,0
58357,5
58358,8
58359,5
58360,0
58361,1
58362,0
58363,9
58364,4
58365,5
58366,4
58367,7
58368,1
58369,9
58370,6
58371,8
58372,9
58373,2
58374,8
58375,5
58376,0
58377,1
58378,2
58379,3
58380,4
58381,5
58382,6
58383,7
58384,8
58385,9
58386,0
58387,1
58388,8
58389,3
58390,4
58391,5
58392,6
58393,7
58394,2
58395,9
58396,0
58397,1
58398,2
58399,3
58400,4
58401,9
58402,0
58403,5
58404,6
58405,8
58406,3
58407,9
58408,0
58409,2
58410,3
58411,3
58412,3
58413,3
58414,5
58415,6
58416,4
58417,4
58418,2
58419,5
58420,4
58421,3
58422,9
58423,6
58424,8
58425,7
58426,9
58427,1
58428,5
58429,2
58430,6
58431,3
58432,4
58433,4
58434,1
58435,6
58436,4
58437,9
58438,6
58439,5
58440,1
58441,2
58442,6
58443,6
58444,7
58445,8
58446,8
58447,1
58448,8
58449,3
58450,7
58451,1
58452,2
58453,7
58454,0
58455,7
58456,5
58457,0
58458,0
58459,1
58460,5
58461,0
58462,0
58463,4
58464,8
58465,3
58466,1
58467,8
58468,2
58469,9
58470,9
58471,5
58472,2
58473,6
58474,4
58475,8
58476,2
58477,5
58478,4
58479,1
58480,7
58481,1
58482,4
58483,3
58484,9
58485,7
58486,1
58487,2
58488,6
58489,0
58490,7
58491,3
58492,0
58493,1
58494,2
58495,3
58496,4
58497,7
58498,8
58499,9
58500,0
58501,1
58502,2
58503,3
58504,4
58505,5
58506,6
58507,7
58508,8
58509,9
58510,0
58511,1
58512,2
58513,3
58514,4
58515,5
58516,6
58517,7
58518,8
58519,9
58520,7
58521,0
58522,6
58523,0
58524,7
58525,3
58526,7
58527,3
58528,7
58529,9
58530,7
58531,4
58532,0
58533,2
58534,6
58535,5
58536,6
58537,5
58538,2
58539,9
58540,5
58541,3
58542,9
58543,8
58544,3
58545,4
58546,0
58547,5
58548,4
58549,6
58550,3
58551,4
58552,8
58553,0
58554,6
58555,4
58556,9
58557,1
58558,3
58559,4
58560,3
58561,1
58562,9
58563,2
58564,3
58565,7
58566,9
58567,1
58568,2
58569,5
58570,1
58571,7
58572,2
58573,8
58574,7
58575,0
58576,1
58577,9
58578,6
58579,4
58580,1
58581,2
58582,3
58583,7
58584,6
58585,2
58586,1
58587,3
58588,1
58589,7
58590,2
58591,1
58592,6
58593,5
58594,0
58595,9
58596,9
58597,1
58598,6
58599,8
58600,1
58601,2
58602,3
58603,4
58604,5
58605,6
58606,7
58607,8
58608,9
58609,0
58610,1
58611,2
58612,3
58613,4
58614,7
58615,8
58616,9
58617,0
58618,1
58619,2
58620,3
58621,4
58622,5
58623,6
58624,7
58625,8
58626,6
58627,4
58628,2
58629,6
58630,4
58631,7
58632,5
58633,5
58634,4
58635,7
58636,8
58637,9
58638,2
58639,9
58640,3
58641,9
58642,3
58643,8
58644,2
58645,0
58646,5
58647,0
58648,1
58649,6
58650,4
58651,2
58652,6
58653,3
58654,3
58655,5
58656,3
58657,8
58658,0
58659,0
58660,9
58661,4
58662,1
58663,5
58664,3
58665,0
58666,8
58667,3
58668,0
58669,6
58670,2
58671,7
58672,1
58673,1
58674,8
58675,1
58676,7
58677,1
58678,3
58679,8
58680,9
58681,7
58682,6
58683,7
58684,4
58685,1
58686,6
58687,7
58688,5
58689,1
58690,7
58691,1
58692,9
58693,8
58694,0
58695,6
58696,9
58697,4
58698,9
58699,9
58700,3
58701,7
58702,1
58703,9
58704,2
58705,2
58706,5
58707,3
58708,7
58709,1
58710,2
58711,3
58712,4
58713,5
58714,6
58715,7
58716,8
58717,9
58718,0
58719,1
58720,2
58721,3
58722,9
58723,5
58724,6
58725,7
58726,0
58727,1
58728,2
58729,3
58730,4
58731,5
58732,6
58733,7
58734,8
58735,9
58736,8
58737,1
58738,0
58739,5
58740,5
58741,1
58742,9
58743,0
58744,4
58745,1
58746,9
58747,3
58748,8
58749,4
58750,7
58751,7
58752,8
58753,3
58754,0
58755,6
58756,5
58757,5
58758,5
58759,3
58760,3
58761,9
58762,8
58763,1
58764,4
58765,0
58766,6
58767,1
58768,0
58769,0
58770,6
58771,2
58772,1
58773,1
58774,3
58775,4
58776,1
58777,1
58778,7
58779,8
58780,4
58781,6
58782,0
58783,2
58784,0
58785,3
58786,6
58787,5
58788,7
58789,1
58790,5
58791,9
58792,9
58793,3
58794,2
58795,4
58796,9
58797,4
58798,6
58799,3
58800,3
58801,2
58802,3
58803,9
58804,9
58805,4
58806,1
58807,6
58808,5
58809,0
58810,1
58811,2
58812,8
58813,4
58814,5
58815,6
58816,7
58817,8
58818,9
58819,0
58820,1
58821,2
58822,8
58823,4
58824,5
58825,6
58826,7
58827,8
58828,9
58829,0
58830,1
58831,2
58832,7
58833,4
58834,5
58835,6
58836,7
58837,8
58838,9
58839,6
58840,4
58841,2
58842,6
58843,4
58844,7
58845,5
58846,5
58847,4
58848,7
58849,8
58850,9
58851,2
58852,9
58853,2
58854,9
58855,3
58856,8
58857,2
58858,0
58859,9
58860,8
58861,0
58862,5
58863,6
58864,0
58865,1
58866,0
58867,4
58868,2
58869,6
58870,5
58871,7
58872,5
58873,4
58874,5
58875,4
58876,1
58877,5
58878,3
58879,0
58880,8
58881,3
58882,0
58883,6
58884,2
58885,7
58886,1
58887,1
58888,8
58889,1
58890,7
58891,1
58892,3
58893,8
58894,5
58895,4
58896,2
58897,0
58898,9
58899,7
58900,6
58901,7
58902,4
58903,1
58904,6
58905,8
58906,4
58907,7
58908,5
58909,1
58910,2
58911,6
58912,7
58913,1
58914,9
58915,8
58916,0
58917,6
58918,9
58919,4
58920,9
58921,9
58922,6
58923,2
58924,3
58925,7
58926,1
58927,9
58928,2
58929,2
58930,5
58931,3
58932,7
58933,8
58934,0
58935,1
58936,2
58937,3
58938,4
58939,5
58940,6
58941,7
58942,8
58943,0
58944,1
58945,2
58946,3
58947,4
58948,5
58949,6
58950,7
58951,8
58952,0
58953,1
58954,2
58955,3
58956,4
58957,5
58958,6
58959,7
58960,8
58961,9
58962,2
58963,1
58964,2
58965,1
58966,3
58967,9
58968,9
58969,8
58970,5
58971,3
58972,7
58973,0
58974,7
58975,7
58976,5
58977,7
58978,9
58979,9
58980,4
58981,7
58982,0
58983,3
58984,4
58985,1
58986,4
58987,9
58988,7
58989,5
58990,8
58991,1
58992,4
58993,8
58994,9
58995,1
58996,8
58997,6
58998,6
58999,4
59000,6
59001,8
59002,5
59003,7
59004,2
59005,3
59006,9
59007,2
59008,6
59009,2
59010,1
59011,2
59012,0
59013,8
59014,3
59015,8
59016,3
59017,0
59018,8
59019,7
59020,9
59021,9
59022,5
59023,0
59024,9
59025,7
59026,4
59027,9
59028,1
59029,6
59030,2
59031,7
59032,6
59033,1
59034,8
59035,6
59036,1
59037,0
59038,3
59039,6
59040,2
59041,1
59042,4
59043,0
59044,1
59045,2
59046,3
59047,4
59048,7
59049,8
59050,4
59051,0
59052,1
59053,2
59054,3
59055,4
59056,7
59057,8
59058,9
59059,0
59060,1
59061,2
59062,3
59063,4
59064,5
59065,6
59066,7
59067,8
59068,7
59069,4
59070,3
59071,1
59072,8
59073,6
59074,1
59075,9
59076,2
59077,4
59078,0
59079,9
59080,9
59081,3
59082,7
59083,7
59084,9
59085,1
59086,8
59087,4
59088,7
59089,5
59090,8
59091,5
59092,3
59093,2
59094,2
59095,0
59096,5
59097,8
59098,6
59099,0
59100,3
59101,8
59102,1
59103,0
59104,3
59105,0
59106,4
59107,7
59108,4
59109,9
59110,2
59111,9
59112,1
59113,2
59114,1
59115,7
59116,1
59117,6
59118,7
59119,3
59120,3
59121,6
59122,2
59123,8
59124,7
59125,6
59126,4
59127,9
59128,8
59129,8
59130,2
59131,9
59132,6
59133,5
59134,5
59135,9
59136,5
59137,3
59138,7
59139,4
59140,7
59141,6
59142,0
59143,0
59144,4
59145,6
59146,6
59147,9
59148,0
59149,1
59150,1
59151,3
59152,2
59153,1
59154,0
59155,0
59156,1
59157,2
59158,3
59159,4
59160,5
59161,6
59162,7
59163,8
59164,9
59165,0
59166,1
59167,2
59168,3
59169,4
59170,5
59171,6
59172,7
59173,8
59174,9
59175,0
59176,1
59177,2
59178,3
59179,4
59180,5
59181,6
59182,7
59183,8
59184,9
59185,4
59186,2
59187,0
59188,2
59189,1
59190,5
59191,9
59192,6
59193,5
59194,9
59195,3
59196,2
59197,0
59198,7
59199,1
59200,1
59201,5
59202,3
59203,0
59204,7
59205,9
59206,6
59207,1
59208,6
59209,7
59210,4
59211,9
59212,5
59213,7
59214,9
59215,8
59216,5
59217,6
59218,2
59219,4
59220,8
59221,9
59222,2
59223,2
59224,8
59225,0
59226,6
59227,4
59228,3
59229,3
59230,1
59231,2
59232,4
59233,1
59234,5
59235,8
59236,9
59237,6
59238,9
59239,3
59240,4
59241,0
59242,3
59243,9
59244,0
59245,2
59246,7
59247,1
59248,1
59249,0
59250,7
59251,6
59252,2
59253,2
59254,7
59255,6
59256,0
59257,6
59258,9
59259,4
59260,8
59261,4
59262,3
59263,3
59264,7
59265,8
59266,1
59267,0
59268,4
59269,5
59270,8
59271,3
59272,0
59273,6
59274,8
59275,3
59276,7
59277,8
59278,3
59279,7
59280,8
59281,2
59282,3
59283,4
59284,6
59285,7
59286,6
59287,9
59288,0
59289,3
59290,2
59291,5
59292,6
59293,7
59294,2
59295,9
59296,0
59297,8
59298,2
59299,3
59300,4
59301,5
59302,6
59303,5
59304,7
59305,5
59306,7
59307,3
59308,3
59309,8
59310,6
59311,5
59312,4
59313,0
59314,0
59315,3
59316,2
59317,2
59318,3
59319,0
59320,6
59321,4
59322,3
59323,7
59324,6
59325,9
59326,2
59327,2
59328,3
59329,5
59330,5
59331,0
59332,7
59333,2
59334,3
59335,4
59336,0
59337,0
59338,5
59339,8
59340,8
59341,9
59342,0
59343,8
59344,5
59345,6
59346,5
59347,6
59348,7
59349,5
59350,3
59351,5
59352,3
59353,0
59354,8
59355,8
59356,3
59357,4
59358,5
59359,6
59360,7
59361,8
59362,9
59363,0
59364,8
59365,2
59366,3
59367,9
59368,5
59369,6
59370,7
59371,9
59372,0
59373,1
59374,2
59375,3
59376,4
59377,8
59378,6
59379,7
59380,8
59381,9
59382,1
59383,3
59384,8
59385,9
59386,4
59387,1
59388,7
59389,7
59390,2
59391,1
59392,4
59393,8
59394,3
59395,8
59396,2
59397,9
59398,3
59399,8
59400,5
59401,9
59402,8
59403,8
59404,9
59405,7
59406,5
59407,4
59408,3
59409,9
59410,2
59411,5
59412,7
59413,4
59414,1
59415,2
59416,3
59417,6
59418,0
59419,1
59420,8
59421,0
59422,2
59423,8
59424,7
59425,2
59426,5
59427,1
59428,1
59429,8
59430,5
59431,6
59432,4
59433,0
59434,4
59435,7
59436,3
59437,6
59438,8
59439,0
59440,3
59441,7
59442,6
59443,9
59444,2
59445,6
59446,5
59447,8
59448,6
59449,9
59450,0
59451,4
59452,0
59453,6
59454,1
59455,9
59456,2
59457,0
59458,9
59459,3
59460,1
59461,3
59462,7
59463,6
59464,9
59465,4
59466,8
59467,3
59468,9
59469,7
59470,6
59471,3
59472,0
59473,5
59474,6
59475,2
59476,2
59477,0
59478,1
59479,2
59480,3
59481,4
59482,5
59483,6
59484,7
59485,8
59486,9
59487,0
59488,1
59489,2
59490,3
59491,4
59492,5
59493,6
59494,7
59495,8
59496,9
59497,0
59498,1
59499,2
59500,3
59501,4
59502,5
59503,6
59504,7
59505,8
59506,9
59507,5
59508,6
59509,6
59510,0
59511,8
59512,3
59513,7
59514,9
59515,4
59516,7
59517,1
59518,9
59519,1
59520,7
59521,1
59522,4
59523,1
59524,7
59525,5
59526,7
59527,1
59528,3
59529,3
59530,1
59531,6
59532,9
59533,7
59534,4
59535,3
59536,0
59537,2
59538,5
59539,2
59540,6
59541,0
59542,8
59543,4
59544,8
59545,1
59546,5
59547,0
59548,6
59549,6
59550,3
59551,4
59552,7
59553,5
59554,7
59555,2
59556,2
59557,0
59558,0
59559,1
59560,7
59561,7
59562,9
59563,5
59564,9
59565,8
59566,9
59567,6
59568,8
59569,3
59570,6
59571,1
59572,2
59573,9
59574,5
59575,2
59576,5
59577,2
59578,6
59579,2
59580,4
59581,8
59582,4
59583,6
59584,5
59585,0
59586,1
59587,2
59588,3
59589,4
59590,5
59591,6
59592,7
59593,8
59594,9
59595,0
59596,1
59597,2
59598,3
59599,4
59600,5
59601,6
59602,7
59603,8
59604,9
59605,0
59606,1
59607,2
59608,4
59609,5
59610,6
59611,7
59612,8
59613,0
59614,4
59615,0
59616,1
59617,7
59618,5
59619,1
59620,4
59621,2
59622,8
59623,4
59624,3
59625,1
59626,2
59627,8
59628,2
59629,4
59630,3
59631,3
59632,6
59633,9
59634,9
59635,5
59636,8
59637,6
59638,7
59639,0
59640,6
59641,2
59642,6
59643,3
59644,9
59645,1
59646,7
59647,9
59648,8
59649,8
59650,9
59651,0
59652,3
59653,4
59654,5
59655,2
59656,9
59657,4
59658,1
59659,0
59660,2
59661,7
59662,5
59663,8
59664,7
59665,7
59666,8
59667,2
59668,9
59669,5
59670,5
59671,1
59672,2
59673,6
59674,4
59675,2
59676,5
59677,2
59678,3
59679,6
59680,0
59681,0
59682,7
59683,5
59684,2
59685,8
59686,1
59687,6
59688,1
59689,0
59690,4
59691,3
59692,1
59693,6
59694,1
59695,9
59696,0
59697,1
59698,2
59699,3
59700,4
59701,6
59702,6
59703,7
59704,0
59705,1
59706,2
59707,3
59708,4
59709,6
59710,7
59711,8
59712,0
59713,1
59714,2
59715,3
59716,8
59717,7
59718,5
59719,5
59720,0
59721,2
59722,4
59723,0
59724,7
59725,3
59726,2
59727,4
59728,1
59729,8
59730,0
59731,6
59732,2
59733,7
59734,4
59735,2
59736,6
59737,2
59738,1
59739,7
59740,7
59741,9
59742,2
59743,4
59744,6
59745,7
59746,7
59747,3
59748,9
59749,9
59750,1
59751,8
59752,6
59753,4
59754,6
59755,0
59756,9
59757,2
59758,6
59759,4
59760,3
59761,9
59762,0
59763,8
59764,8
59765,9
59766,4
59767,7
59768,1
59769,3
59770,6
59771,9
59772,4
59773,1
59774,7
59775,6
59776,9
59777,3
59778,3
59779,7
59780,4
59781,1
59782,9
59783,1
59784,0
59785,6
59786,0
59787,1
59788,2
59789,4
59790,5
59791,6
59792,7
59793,8
59794,9
59795,0
59796,1
59797,2
59798,3
59799,4
59800,5
59801,6
59802,7
59803,8
59804,9
59805,0
59806,1
59807,2
59808,3
59809,4
59810,5
59811,6
59812,7
59813,8
59814,9
59815,3
59816,2
59817,9
59818,3
59819,2
59820,1
59821,4
59822,5
59823,5
59824,2
59825,3
59826,2
59827,1
59828,3
59829,9
59830,9
59831,2
59832,1
59833,2
59834,8
59835,9
59836,1
59837,8
59838,8
59839,7
59840,0
59841,6
59842,7
59843,7
59844,8
59845,7
59846,5
59847,0
59848,6
59849,1
59850,5
59851,7
59852,4
59853,6
59854,1
59855,2
59856,7
59857,9
59858,9
59859,0
59860,3
59861,8
59862,4
59863,4
59864,1
59865,8
59866,6
59867,5
59868,0
59869,0
59870,3
59871,7
59872,1
59873,6
59874,4
59875,2
59876,6
59877,6
59878,0
59879,4
59880,5
59881,4
59882,1
59883,3
59884,8
59885,6
59886,3
59887,9
59888,9
59889,5
59890,9
59891,3
59892,6
59893,4
59894,7
59895,6
59896,2
59897,2
59898,0
59899,9
59900,4
59901,0
59902,1
59903,2
59904,3
59905,4
59906,5
59907,6
59908,7
59909,8
59910,9
59911,0
59912,1
59913,2
59914,3
59915,7
59916,8
59917,9
59918,0
59919,1
59920,2
59921,3
59922,4
59923,5
59924,6
59925,7
59926,8
59927,7
59928,2
59929,0
59930,3
59931,4
59932,1
59933,4
59934,0
59935,7
59936,8
59937,7
59938,7
59939,5
59940,0
59941,4
59942,7
59943,4
59944,0
59945,5
59946,8
59947,5
59948,5
59949,8
59950,8
59951,4
59952,0
59953,7
59954,1
59955,3
59956,5
59957,3
59958,1
59959,6
59960,5
59961,3
59962,8
59963,7
59964,3
59965,1
59966,6
59967,8
59968,5
59969,9
59970,2
59971,2
59972,0
59973,7
59974,2
59975,4
59976,6
59977,7
59978,3
59979,1
59980,3
59981,6
59982,6
59983,2
59984,1
59985,2
59986,6
59987,0
59988,7
59989,8
59990,9
59991,2
59992,7
59993,5
59994,1
59995,8
59996,3
59997,5
59998,6
59999,8
